"FileName","Model","N","N_numeric","Population","TPs","Mix","Mixing_proportion","Lambda","Total_Rows","Total_Violations","Percentage_Violations","Total_Errors","ErrorRate","Total_LL_Failures","LL_Failure_Perc","Total_True_Violations","True_Violation_Perc","GoodReplications","Reanalysis_Needed","Adjusted_Replications_Needed"
"rilta_lta_m1_n_500_tp_0.407_m_1_l_0.3","Model 1","N = 500",500,".200",0.407,1,".10, .30, .60","0.3",500,212,42.4,166,33.2,5,1,307,61.4,193,"Yes",1867
"rilta_lta_m1_n_500_tp_0.407_m_1_l_0.5","Model 1","N = 500",500,".200",0.407,1,".10, .30, .60","0.5",500,235,47,128,25.6,3,0.6,304,60.8,196,"Yes",1829
"rilta_lta_m1_n_500_tp_0.407_m_1_l_0.7","Model 1","N = 500",500,".200",0.407,1,".10, .30, .60","0.7",500,253,50.6,151,30.2,1,0.2,325,65,175,"Yes",2139
"rilta_lta_m1_n_500_tp_0.407_m_1_l_0.9","Model 1","N = 500",500,".200",0.407,1,".10, .30, .60","0.9",499,263,52.7,172,34.5,5,1,339,67.9,160,"Yes",2420
"rilta_lta_m1_n_500_tp_0.407_m_1_l_a","Model 1","N = 500",500,".200",0.407,1,".10, .30, .60","A",500,223,44.6,214,42.8,6,1.2,344,68.8,156,"Yes",2531
"rilta_lta_m1_n_500_tp_0.407_m_1_l_b","Model 1","N = 500",500,".200",0.407,1,".10, .30, .60","B",500,210,42,159,31.8,4,0.8,299,59.8,201,"Yes",1768
"rilta_lta_m1_n_500_tp_0.407_m_1_l_c","Model 1","N = 500",500,".200",0.407,1,".10, .30, .60","C",500,241,48.2,205,41,5,1,346,69.2,154,"Yes",2581
"rilta_lta_m1_n_500_tp_0.407_m_1_l_d","Model 1","N = 500",500,".200",0.407,1,".10, .30, .60","D",500,243,48.6,184,36.8,3,0.6,336,67.2,164,"Yes",2349
"rilta_lta_m1_n_500_tp_0.407_m_2_l_0.3","Model 1","N = 500",500,".200",0.407,2,".33, .33, .33","0.3",500,234,46.8,81,16.2,4,0.8,272,54.4,228,"Yes",1501
"rilta_lta_m1_n_500_tp_0.407_m_2_l_0.5","Model 1","N = 500",500,".200",0.407,2,".33, .33, .33","0.5",500,240,48,83,16.6,2,0.4,286,57.2,214,"Yes",1628
"rilta_lta_m1_n_500_tp_0.407_m_2_l_0.7","Model 1","N = 500",500,".200",0.407,2,".33, .33, .33","0.7",499,260,52.1,90,18,1,0.2,307,61.5,192,"Yes",1870
"rilta_lta_m1_n_500_tp_0.407_m_2_l_0.9","Model 1","N = 500",500,".200",0.407,2,".33, .33, .33","0.9",498,251,50.4,102,20.5,0,0,290,58.2,208,"Yes",1672
"rilta_lta_m1_n_500_tp_0.407_m_2_l_a","Model 1","N = 500",500,".200",0.407,2,".33, .33, .33","A",500,237,47.4,171,34.2,6,1.2,323,64.6,177,"Yes",2105
"rilta_lta_m1_n_500_tp_0.407_m_2_l_b","Model 1","N = 500",500,".200",0.407,2,".33, .33, .33","B",500,250,50,97,19.4,2,0.4,299,59.8,201,"Yes",1768
"rilta_lta_m1_n_500_tp_0.407_m_2_l_c","Model 1","N = 500",500,".200",0.407,2,".33, .33, .33","C",500,240,48,134,26.8,4,0.8,300,60,200,"Yes",1780
"rilta_lta_m1_n_500_tp_0.407_m_2_l_d","Model 1","N = 500",500,".200",0.407,2,".33, .33, .33","D",500,252,50.4,144,28.8,6,1.2,321,64.2,179,"Yes",2072
"rilta_lta_m1_n_500_tp_0.407_m_3_l_0.3","Model 1","N = 500",500,".200",0.407,3,".60, .30, .10","0.3",499,222,44.5,135,27.1,4,0.8,291,58.3,208,"Yes",1681
"rilta_lta_m1_n_500_tp_0.407_m_3_l_0.5","Model 1","N = 500",500,".200",0.407,3,".60, .30, .10","0.5",497,215,43.3,143,28.8,3,0.6,296,59.6,201,"Yes",1746
"rilta_lta_m1_n_500_tp_0.407_m_3_l_0.7","Model 1","N = 500",500,".200",0.407,3,".60, .30, .10","0.7",496,240,48.4,137,27.6,2,0.4,310,62.5,186,"Yes",1927
"rilta_lta_m1_n_500_tp_0.407_m_3_l_0.9","Model 1","N = 500",500,".200",0.407,3,".60, .30, .10","0.9",491,247,50.3,134,27.3,0,0,307,62.5,184,"Yes",1908
"rilta_lta_m1_n_500_tp_0.407_m_3_l_a","Model 1","N = 500",500,".200",0.407,3,".60, .30, .10","A",498,268,53.8,241,48.4,1,0.2,371,74.5,127,"Yes",3490
"rilta_lta_m1_n_500_tp_0.407_m_3_l_b","Model 1","N = 500",500,".200",0.407,3,".60, .30, .10","B",498,220,44.2,166,33.3,5,1,305,61.2,193,"Yes",1847
"rilta_lta_m1_n_500_tp_0.407_m_3_l_c","Model 1","N = 500",500,".200",0.407,3,".60, .30, .10","C",497,244,49.1,179,36,3,0.6,332,66.8,165,"Yes",2294
"rilta_lta_m1_n_500_tp_0.407_m_3_l_d","Model 1","N = 500",500,".200",0.407,3,".60, .30, .10","D",497,213,42.9,174,35,3,0.6,308,62,189,"Yes",1896
"rilta_lta_m2_n_500_tp_0.407_m_1_l_0.3","Model 2","N = 500",500,".200",0.407,1,".10, .30, .60","0.3",500,14,2.8,24,4.8,1,0.2,39,7.8,461,"Yes",671
"rilta_lta_m2_n_500_tp_0.407_m_1_l_0.5","Model 2","N = 500",500,".200",0.407,1,".10, .30, .60","0.5",499,26,5.2,18,3.6,2,0.4,46,9.2,453,"Yes",681
"rilta_lta_m2_n_500_tp_0.407_m_1_l_0.7","Model 2","N = 500",500,".200",0.407,1,".10, .30, .60","0.7",496,31,6.2,14,2.8,3,0.6,48,9.7,448,"Yes",681
"rilta_lta_m2_n_500_tp_0.407_m_1_l_0.9","Model 2","N = 500",500,".200",0.407,1,".10, .30, .60","0.9",500,44,8.8,18,3.6,3,0.6,64,12.8,436,"Yes",712
"rilta_lta_m2_n_500_tp_0.407_m_1_l_a","Model 2","N = 500",500,".200",0.407,1,".10, .30, .60","A",498,21,4.2,20,4,1,0.2,41,8.2,457,"Yes",672
"rilta_lta_m2_n_500_tp_0.407_m_1_l_b","Model 2","N = 500",500,".200",0.407,1,".10, .30, .60","B",500,27,5.4,25,5,2,0.4,54,10.8,446,"Yes",695
"rilta_lta_m2_n_500_tp_0.407_m_1_l_c","Model 2","N = 500",500,".200",0.407,1,".10, .30, .60","C",500,27,5.4,18,3.6,3,0.6,47,9.4,453,"Yes",684
"rilta_lta_m2_n_500_tp_0.407_m_1_l_d","Model 2","N = 500",500,".200",0.407,1,".10, .30, .60","D",500,25,5,20,4,2,0.4,47,9.4,453,"Yes",684
"rilta_lta_m2_n_500_tp_0.407_m_2_l_0.3","Model 2","N = 500",500,".200",0.407,2,".33, .33, .33","0.3",499,43,8.6,17,3.4,5,1,64,12.8,435,"Yes",710
"rilta_lta_m2_n_500_tp_0.407_m_2_l_0.5","Model 2","N = 500",500,".200",0.407,2,".33, .33, .33","0.5",500,53,10.6,27,5.4,1,0.2,81,16.2,419,"Yes",742
"rilta_lta_m2_n_500_tp_0.407_m_2_l_0.7","Model 2","N = 500",500,".200",0.407,2,".33, .33, .33","0.7",499,44,8.8,20,4,3,0.6,65,13,434,"Yes",712
"rilta_lta_m2_n_500_tp_0.407_m_2_l_0.9","Model 2","N = 500",500,".200",0.407,2,".33, .33, .33","0.9",499,79,15.8,18,3.6,1,0.2,95,19,404,"Yes",768
"rilta_lta_m2_n_500_tp_0.407_m_2_l_a","Model 2","N = 500",500,".200",0.407,2,".33, .33, .33","A",500,44,8.8,12,2.4,1,0.2,56,11.2,444,"Yes",698
"rilta_lta_m2_n_500_tp_0.407_m_2_l_b","Model 2","N = 500",500,".200",0.407,2,".33, .33, .33","B",499,47,9.4,17,3.4,2,0.4,66,13.2,433,"Yes",714
"rilta_lta_m2_n_500_tp_0.407_m_2_l_c","Model 2","N = 500",500,".200",0.407,2,".33, .33, .33","C",499,62,12.4,16,3.2,1,0.2,79,15.8,420,"Yes",737
"rilta_lta_m2_n_500_tp_0.407_m_2_l_d","Model 2","N = 500",500,".200",0.407,2,".33, .33, .33","D",500,53,10.6,19,3.8,2,0.4,73,14.6,427,"Yes",728
"rilta_lta_m2_n_500_tp_0.407_m_3_l_0.3","Model 2","N = 500",500,".200",0.407,3,".60, .30, .10","0.3",497,78,15.7,20,4,4,0.8,100,20.1,397,"Yes",777
"rilta_lta_m2_n_500_tp_0.407_m_3_l_0.5","Model 2","N = 500",500,".200",0.407,3,".60, .30, .10","0.5",494,76,15.4,16,3.2,2,0.4,91,18.4,403,"Yes",755
"rilta_lta_m2_n_500_tp_0.407_m_3_l_0.7","Model 2","N = 500",500,".200",0.407,3,".60, .30, .10","0.7",498,71,14.3,16,3.2,3,0.6,85,17.1,413,"Yes",748
"rilta_lta_m2_n_500_tp_0.407_m_3_l_0.9","Model 2","N = 500",500,".200",0.407,3,".60, .30, .10","0.9",496,79,15.9,11,2.2,3,0.6,92,18.5,404,"Yes",759
"rilta_lta_m2_n_500_tp_0.407_m_3_l_a","Model 2","N = 500",500,".200",0.407,3,".60, .30, .10","A",497,63,12.7,16,3.2,3,0.6,80,16.1,417,"Yes",737
"rilta_lta_m2_n_500_tp_0.407_m_3_l_b","Model 2","N = 500",500,".200",0.407,3,".60, .30, .10","B",498,73,14.7,8,1.6,0,0,79,15.9,419,"Yes",737
"rilta_lta_m2_n_500_tp_0.407_m_3_l_c","Model 2","N = 500",500,".200",0.407,3,".60, .30, .10","C",500,75,15,16,3.2,2,0.4,92,18.4,408,"Yes",764
"rilta_lta_m2_n_500_tp_0.407_m_3_l_d","Model 2","N = 500",500,".200",0.407,3,".60, .30, .10","D",500,73,14.6,22,4.4,2,0.4,95,19,405,"Yes",770
"rilta_lta_m3_n_500_tp_0.407_m_1_l_0.3","Model 3","N = 500",500,".200",0.407,1,".10, .30, .60","0.3",500,97,19.4,55,11,2,0.4,139,27.8,361,"Yes",872
"rilta_lta_m3_n_500_tp_0.407_m_1_l_0.5","Model 3","N = 500",500,".200",0.407,1,".10, .30, .60","0.5",500,106,21.2,36,7.2,2,0.4,122,24.4,378,"Yes",829
"rilta_lta_m3_n_500_tp_0.407_m_1_l_0.7","Model 3","N = 500",500,".200",0.407,1,".10, .30, .60","0.7",498,121,24.3,27,5.4,0,0,141,28.3,357,"Yes",876
"rilta_lta_m3_n_500_tp_0.407_m_1_l_0.9","Model 3","N = 500",500,".200",0.407,1,".10, .30, .60","0.9",500,187,37.4,15,3,2,0.4,196,39.2,304,"Yes",1060
"rilta_lta_m3_n_500_tp_0.407_m_1_l_a","Model 3","N = 500",500,".200",0.407,1,".10, .30, .60","A",500,135,27,62,12.4,3,0.6,162,32.4,338,"Yes",939
"rilta_lta_m3_n_500_tp_0.407_m_1_l_b","Model 3","N = 500",500,".200",0.407,1,".10, .30, .60","B",499,94,18.8,56,11.2,0,0,139,27.9,360,"Yes",872
"rilta_lta_m3_n_500_tp_0.407_m_1_l_c","Model 3","N = 500",500,".200",0.407,1,".10, .30, .60","C",500,86,17.2,64,12.8,2,0.4,131,26.2,369,"Yes",852
"rilta_lta_m3_n_500_tp_0.407_m_1_l_d","Model 3","N = 500",500,".200",0.407,1,".10, .30, .60","D",500,121,24.2,81,16.2,0,0,179,35.8,321,"Yes",995
"rilta_lta_m3_n_500_tp_0.407_m_2_l_0.3","Model 3","N = 500",500,".200",0.407,2,".33, .33, .33","0.3",500,133,26.6,15,3,0,0,144,28.8,356,"Yes",886
"rilta_lta_m3_n_500_tp_0.407_m_2_l_0.5","Model 3","N = 500",500,".200",0.407,2,".33, .33, .33","0.5",498,129,25.9,17,3.4,2,0.4,146,29.3,352,"Yes",890
"rilta_lta_m3_n_500_tp_0.407_m_2_l_0.7","Model 3","N = 500",500,".200",0.407,2,".33, .33, .33","0.7",500,123,24.6,16,3.2,2,0.4,137,27.4,363,"Yes",867
"rilta_lta_m3_n_500_tp_0.407_m_2_l_0.9","Model 3","N = 500",500,".200",0.407,2,".33, .33, .33","0.9",500,167,33.4,9,1.8,1,0.2,172,34.4,328,"Yes",971
"rilta_lta_m3_n_500_tp_0.407_m_2_l_a","Model 3","N = 500",500,".200",0.407,2,".33, .33, .33","A",500,126,25.2,13,2.6,2,0.4,136,27.2,364,"Yes",865
"rilta_lta_m3_n_500_tp_0.407_m_2_l_b","Model 3","N = 500",500,".200",0.407,2,".33, .33, .33","B",500,113,22.6,16,3.2,0,0,125,25,375,"Yes",837
"rilta_lta_m3_n_500_tp_0.407_m_2_l_c","Model 3","N = 500",500,".200",0.407,2,".33, .33, .33","C",500,93,18.6,13,2.6,5,1,107,21.4,393,"Yes",795
"rilta_lta_m3_n_500_tp_0.407_m_2_l_d","Model 3","N = 500",500,".200",0.407,2,".33, .33, .33","D",500,103,20.6,46,9.2,0,0,135,27,365,"Yes",862
"rilta_lta_m3_n_500_tp_0.407_m_3_l_0.3","Model 3","N = 500",500,".200",0.407,3,".60, .30, .10","0.3",499,123,24.6,10,2,0,0,127,25.5,372,"Yes",841
"rilta_lta_m3_n_500_tp_0.407_m_3_l_0.5","Model 3","N = 500",500,".200",0.407,3,".60, .30, .10","0.5",499,109,21.8,10,2,1,0.2,118,23.6,381,"Yes",818
"rilta_lta_m3_n_500_tp_0.407_m_3_l_0.7","Model 3","N = 500",500,".200",0.407,3,".60, .30, .10","0.7",498,132,26.5,13,2.6,0,0,141,28.3,357,"Yes",876
"rilta_lta_m3_n_500_tp_0.407_m_3_l_0.9","Model 3","N = 500",500,".200",0.407,3,".60, .30, .10","0.9",498,129,25.9,15,3,0,0,134,26.9,364,"Yes",857
"rilta_lta_m3_n_500_tp_0.407_m_3_l_a","Model 3","N = 500",500,".200",0.407,3,".60, .30, .10","A",497,101,20.3,6,1.2,1,0.2,107,21.5,390,"Yes",792
"rilta_lta_m3_n_500_tp_0.407_m_3_l_b","Model 3","N = 500",500,".200",0.407,3,".60, .30, .10","B",496,117,23.6,7,1.4,0,0,122,24.6,374,"Yes",826
"rilta_lta_m3_n_500_tp_0.407_m_3_l_c","Model 3","N = 500",500,".200",0.407,3,".60, .30, .10","C",497,82,16.5,11,2.2,1,0.2,93,18.7,404,"Yes",762
"rilta_lta_m3_n_500_tp_0.407_m_3_l_d","Model 3","N = 500",500,".200",0.407,3,".60, .30, .10","D",499,103,20.6,18,3.6,0,0,114,22.8,385,"Yes",809
"rilta_lta_m1_n_500_tp_3.179_m_1_l_0.3","Model 1","N = 500",500,".800",3.179,1,".10, .30, .60","0.3",499,227,45.5,194,38.9,2,0.4,347,69.5,152,"Yes",2614
"rilta_lta_m1_n_500_tp_3.179_m_1_l_0.5","Model 1","N = 500",500,".800",3.179,1,".10, .30, .60","0.5",500,260,52,191,38.2,3,0.6,348,69.6,152,"Yes",2633
"rilta_lta_m1_n_500_tp_3.179_m_1_l_0.7","Model 1","N = 500",500,".800",3.179,1,".10, .30, .60","0.7",499,254,50.9,217,43.5,4,0.8,346,69.3,153,"Yes",2588
"rilta_lta_m1_n_500_tp_3.179_m_1_l_0.9","Model 1","N = 500",500,".800",3.179,1,".10, .30, .60","0.9",498,281,56.4,228,45.8,1,0.2,385,77.3,113,"Yes",4312
"rilta_lta_m1_n_500_tp_3.179_m_1_l_a","Model 1","N = 500",500,".800",3.179,1,".10, .30, .60","A",499,226,45.3,228,45.7,3,0.6,352,70.5,147,"Yes",2753
"rilta_lta_m1_n_500_tp_3.179_m_1_l_b","Model 1","N = 500",500,".800",3.179,1,".10, .30, .60","B",500,216,43.2,182,36.4,2,0.4,313,62.6,187,"Yes",1949
"rilta_lta_m1_n_500_tp_3.179_m_1_l_c","Model 1","N = 500",500,".800",3.179,1,".10, .30, .60","C",500,247,49.4,196,39.2,5,1,348,69.6,152,"Yes",2633
"rilta_lta_m1_n_500_tp_3.179_m_1_l_d","Model 1","N = 500",500,".800",3.179,1,".10, .30, .60","D",500,240,48,201,40.2,6,1.2,346,69.2,154,"Yes",2581
"rilta_lta_m1_n_500_tp_3.179_m_2_l_0.3","Model 1","N = 500",500,".800",3.179,2,".33, .33, .33","0.3",500,281,56.2,136,27.2,3,0.6,340,68,160,"Yes",2436
"rilta_lta_m1_n_500_tp_3.179_m_2_l_0.5","Model 1","N = 500",500,".800",3.179,2,".33, .33, .33","0.5",499,276,55.3,126,25.3,5,1,342,68.5,157,"Yes",2490
"rilta_lta_m1_n_500_tp_3.179_m_2_l_0.7","Model 1","N = 500",500,".800",3.179,2,".33, .33, .33","0.7",500,288,57.6,144,28.8,2,0.4,354,70.8,146,"Yes",2803
"rilta_lta_m1_n_500_tp_3.179_m_2_l_0.9","Model 1","N = 500",500,".800",3.179,2,".33, .33, .33","0.9",496,307,61.9,164,33.1,2,0.4,368,74.2,128,"Yes",3407
"rilta_lta_m1_n_500_tp_3.179_m_2_l_a","Model 1","N = 500",500,".800",3.179,2,".33, .33, .33","A",500,266,53.2,192,38.4,4,0.8,355,71,145,"Yes",2833
"rilta_lta_m1_n_500_tp_3.179_m_2_l_b","Model 1","N = 500",500,".800",3.179,2,".33, .33, .33","B",500,266,53.2,151,30.2,5,1,338,67.6,162,"Yes",2392
"rilta_lta_m1_n_500_tp_3.179_m_2_l_c","Model 1","N = 500",500,".800",3.179,2,".33, .33, .33","C",500,266,53.2,128,25.6,3,0.6,334,66.8,166,"Yes",2308
"rilta_lta_m1_n_500_tp_3.179_m_2_l_d","Model 1","N = 500",500,".800",3.179,2,".33, .33, .33","D",500,266,53.2,140,28,3,0.6,329,65.8,171,"Yes",2211
"rilta_lta_m1_n_500_tp_3.179_m_3_l_0.3","Model 1","N = 500",500,".800",3.179,3,".60, .30, .10","0.3",498,217,43.6,210,42.2,7,1.4,331,66.5,167,"Yes",2269
"rilta_lta_m1_n_500_tp_3.179_m_3_l_0.5","Model 1","N = 500",500,".800",3.179,3,".60, .30, .10","0.5",499,255,51.1,187,37.5,2,0.4,336,67.3,163,"Yes",2355
"rilta_lta_m1_n_500_tp_3.179_m_3_l_0.7","Model 1","N = 500",500,".800",3.179,3,".60, .30, .10","0.7",497,241,48.5,211,42.5,4,0.8,340,68.4,157,"Yes",2468
"rilta_lta_m1_n_500_tp_3.179_m_3_l_0.9","Model 1","N = 500",500,".800",3.179,3,".60, .30, .10","0.9",498,272,54.6,204,41,2,0.4,355,71.3,143,"Yes",2869
"rilta_lta_m1_n_500_tp_3.179_m_3_l_a","Model 1","N = 500",500,".800",3.179,3,".60, .30, .10","A",497,328,66,265,53.3,9,1.8,409,82.3,88,"Yes",7473
"rilta_lta_m1_n_500_tp_3.179_m_3_l_b","Model 1","N = 500",500,".800",3.179,3,".60, .30, .10","B",499,241,48.3,215,43.1,4,0.8,343,68.7,156,"Yes",2514
"rilta_lta_m1_n_500_tp_3.179_m_3_l_c","Model 1","N = 500",500,".800",3.179,3,".60, .30, .10","C",496,242,48.8,209,42.1,5,1,348,70.2,148,"Yes",2694
"rilta_lta_m1_n_500_tp_3.179_m_3_l_d","Model 1","N = 500",500,".800",3.179,3,".60, .30, .10","D",498,231,46.4,224,45,5,1,353,70.9,145,"Yes",2807
"rilta_lta_m2_n_500_tp_3.179_m_1_l_0.3","Model 2","N = 500",500,".800",3.179,1,".10, .30, .60","0.3",494,38,7.7,56,11.3,4,0.8,97,19.6,397,"Yes",767
"rilta_lta_m2_n_500_tp_3.179_m_1_l_0.5","Model 2","N = 500",500,".800",3.179,1,".10, .30, .60","0.5",496,39,7.9,48,9.7,2,0.4,86,17.3,410,"Yes",747
"rilta_lta_m2_n_500_tp_3.179_m_1_l_0.7","Model 2","N = 500",500,".800",3.179,1,".10, .30, .60","0.7",498,59,11.8,62,12.4,2,0.4,115,23.1,383,"Yes",811
"rilta_lta_m2_n_500_tp_3.179_m_1_l_0.9","Model 2","N = 500",500,".800",3.179,1,".10, .30, .60","0.9",499,82,16.4,67,13.4,3,0.6,145,29.1,354,"Yes",889
"rilta_lta_m2_n_500_tp_3.179_m_1_l_a","Model 2","N = 500",500,".800",3.179,1,".10, .30, .60","A",496,38,7.7,68,13.7,5,1,102,20.6,394,"Yes",781
"rilta_lta_m2_n_500_tp_3.179_m_1_l_b","Model 2","N = 500",500,".800",3.179,1,".10, .30, .60","B",499,40,8,66,13.2,1,0.2,102,20.4,397,"Yes",783
"rilta_lta_m2_n_500_tp_3.179_m_1_l_c","Model 2","N = 500",500,".800",3.179,1,".10, .30, .60","C",498,37,7.4,59,11.8,4,0.8,91,18.3,407,"Yes",760
"rilta_lta_m2_n_500_tp_3.179_m_1_l_d","Model 2","N = 500",500,".800",3.179,1,".10, .30, .60","D",500,38,7.6,72,14.4,2,0.4,105,21,395,"Yes",791
"rilta_lta_m2_n_500_tp_3.179_m_2_l_0.3","Model 2","N = 500",500,".800",3.179,2,".33, .33, .33","0.3",500,97,19.4,7,1.4,1,0.2,102,20.4,398,"Yes",784
"rilta_lta_m2_n_500_tp_3.179_m_2_l_0.5","Model 2","N = 500",500,".800",3.179,2,".33, .33, .33","0.5",497,122,24.5,5,1,5,1,128,25.8,369,"Yes",842
"rilta_lta_m2_n_500_tp_3.179_m_2_l_0.7","Model 2","N = 500",500,".800",3.179,2,".33, .33, .33","0.7",498,117,23.5,3,0.6,3,0.6,121,24.3,377,"Yes",825
"rilta_lta_m2_n_500_tp_3.179_m_2_l_0.9","Model 2","N = 500",500,".800",3.179,2,".33, .33, .33","0.9",499,141,28.3,4,0.8,0,0,145,29.1,354,"Yes",889
"rilta_lta_m2_n_500_tp_3.179_m_2_l_a","Model 2","N = 500",500,".800",3.179,2,".33, .33, .33","A",499,105,21,12,2.4,1,0.2,117,23.4,382,"Yes",816
"rilta_lta_m2_n_500_tp_3.179_m_2_l_b","Model 2","N = 500",500,".800",3.179,2,".33, .33, .33","B",497,111,22.3,5,1,2,0.4,116,23.3,381,"Yes",812
"rilta_lta_m2_n_500_tp_3.179_m_2_l_c","Model 2","N = 500",500,".800",3.179,2,".33, .33, .33","C",499,110,22,2,0.4,0,0,112,22.4,387,"Yes",805
"rilta_lta_m2_n_500_tp_3.179_m_2_l_d","Model 2","N = 500",500,".800",3.179,2,".33, .33, .33","D",499,102,20.4,3,0.6,0,0,103,20.6,396,"Yes",785
"rilta_lta_m2_n_500_tp_3.179_m_3_l_0.3","Model 2","N = 500",500,".800",3.179,3,".60, .30, .10","0.3",500,60,12,31,6.2,1,0.2,88,17.6,412,"Yes",756
"rilta_lta_m2_n_500_tp_3.179_m_3_l_0.5","Model 2","N = 500",500,".800",3.179,3,".60, .30, .10","0.5",498,84,16.9,20,4,2,0.4,102,20.5,396,"Yes",783
"rilta_lta_m2_n_500_tp_3.179_m_3_l_0.7","Model 2","N = 500",500,".800",3.179,3,".60, .30, .10","0.7",497,92,18.5,8,1.6,3,0.6,102,20.5,395,"Yes",781
"rilta_lta_m2_n_500_tp_3.179_m_3_l_0.9","Model 2","N = 500",500,".800",3.179,3,".60, .30, .10","0.9",497,119,23.9,5,1,1,0.2,125,25.2,372,"Yes",834
"rilta_lta_m2_n_500_tp_3.179_m_3_l_a","Model 2","N = 500",500,".800",3.179,3,".60, .30, .10","A",499,62,12.4,30,6,1,0.2,90,18,409,"Yes",758
"rilta_lta_m2_n_500_tp_3.179_m_3_l_b","Model 2","N = 500",500,".800",3.179,3,".60, .30, .10","B",500,66,13.2,14,2.8,2,0.4,81,16.2,419,"Yes",742
"rilta_lta_m2_n_500_tp_3.179_m_3_l_c","Model 2","N = 500",500,".800",3.179,3,".60, .30, .10","C",500,70,14,21,4.2,4,0.8,94,18.8,406,"Yes",768
"rilta_lta_m2_n_500_tp_3.179_m_3_l_d","Model 2","N = 500",500,".800",3.179,3,".60, .30, .10","D",497,65,13.1,15,3,0,0,80,16.1,417,"Yes",737
"rilta_lta_m3_n_500_tp_3.179_m_1_l_0.3","Model 3","N = 500",500,".800",3.179,1,".10, .30, .60","0.3",500,101,20.2,94,18.8,1,0.2,177,35.4,323,"Yes",988
"rilta_lta_m3_n_500_tp_3.179_m_1_l_0.5","Model 3","N = 500",500,".800",3.179,1,".10, .30, .60","0.5",500,97,19.4,85,17,1,0.2,158,31.6,342,"Yes",927
"rilta_lta_m3_n_500_tp_3.179_m_1_l_0.7","Model 3","N = 500",500,".800",3.179,1,".10, .30, .60","0.7",500,119,23.8,55,11,0,0,164,32.8,336,"Yes",945
"rilta_lta_m3_n_500_tp_3.179_m_1_l_0.9","Model 3","N = 500",500,".800",3.179,1,".10, .30, .60","0.9",499,159,31.9,42,8.4,1,0.2,184,36.9,315,"Yes",1013
"rilta_lta_m3_n_500_tp_3.179_m_1_l_a","Model 3","N = 500",500,".800",3.179,1,".10, .30, .60","A",499,113,22.6,83,16.6,0,0,178,35.7,321,"Yes",992
"rilta_lta_m3_n_500_tp_3.179_m_1_l_b","Model 3","N = 500",500,".800",3.179,1,".10, .30, .60","B",499,108,21.6,112,22.4,1,0.2,197,39.5,302,"Yes",1064
"rilta_lta_m3_n_500_tp_3.179_m_1_l_c","Model 3","N = 500",500,".800",3.179,1,".10, .30, .60","C",500,98,19.6,118,23.6,3,0.6,198,39.6,302,"Yes",1068
"rilta_lta_m3_n_500_tp_3.179_m_1_l_d","Model 3","N = 500",500,".800",3.179,1,".10, .30, .60","D",499,94,18.8,126,25.3,0,0,196,39.3,303,"Yes",1060
"rilta_lta_m3_n_500_tp_3.179_m_2_l_0.3","Model 3","N = 500",500,".800",3.179,2,".33, .33, .33","0.3",500,169,33.8,7,1.4,2,0.4,174,34.8,326,"Yes",978
"rilta_lta_m3_n_500_tp_3.179_m_2_l_0.5","Model 3","N = 500",500,".800",3.179,2,".33, .33, .33","0.5",498,153,30.7,15,3,0,0,165,33.1,333,"Yes",946
"rilta_lta_m3_n_500_tp_3.179_m_2_l_0.7","Model 3","N = 500",500,".800",3.179,2,".33, .33, .33","0.7",500,161,32.2,14,2.8,1,0.2,173,34.6,327,"Yes",975
"rilta_lta_m3_n_500_tp_3.179_m_2_l_0.9","Model 3","N = 500",500,".800",3.179,2,".33, .33, .33","0.9",500,174,34.8,15,3,0,0,183,36.6,317,"Yes",1010
"rilta_lta_m3_n_500_tp_3.179_m_2_l_a","Model 3","N = 500",500,".800",3.179,2,".33, .33, .33","A",500,161,32.2,14,2.8,0,0,167,33.4,333,"Yes",955
"rilta_lta_m3_n_500_tp_3.179_m_2_l_b","Model 3","N = 500",500,".800",3.179,2,".33, .33, .33","B",499,144,28.9,19,3.8,0,0,162,32.5,337,"Yes",939
"rilta_lta_m3_n_500_tp_3.179_m_2_l_c","Model 3","N = 500",500,".800",3.179,2,".33, .33, .33","C",500,169,33.8,28,5.6,0,0,189,37.8,311,"Yes",1032
"rilta_lta_m3_n_500_tp_3.179_m_2_l_d","Model 3","N = 500",500,".800",3.179,2,".33, .33, .33","D",498,147,29.5,53,10.6,2,0.4,186,37.3,312,"Yes",1019
"rilta_lta_m3_n_500_tp_3.179_m_3_l_0.3","Model 3","N = 500",500,".800",3.179,3,".60, .30, .10","0.3",500,107,21.4,18,3.6,2,0.4,118,23.6,382,"Yes",820
"rilta_lta_m3_n_500_tp_3.179_m_3_l_0.5","Model 3","N = 500",500,".800",3.179,3,".60, .30, .10","0.5",500,107,21.4,16,3.2,0,0,119,23.8,381,"Yes",822
"rilta_lta_m3_n_500_tp_3.179_m_3_l_0.7","Model 3","N = 500",500,".800",3.179,3,".60, .30, .10","0.7",500,121,24.2,20,4,1,0.2,133,26.6,367,"Yes",857
"rilta_lta_m3_n_500_tp_3.179_m_3_l_0.9","Model 3","N = 500",500,".800",3.179,3,".60, .30, .10","0.9",499,129,25.9,30,6,0,0,152,30.5,347,"Yes",908
"rilta_lta_m3_n_500_tp_3.179_m_3_l_a","Model 3","N = 500",500,".800",3.179,3,".60, .30, .10","A",500,104,20.8,15,3,2,0.4,119,23.8,381,"Yes",822
"rilta_lta_m3_n_500_tp_3.179_m_3_l_b","Model 3","N = 500",500,".800",3.179,3,".60, .30, .10","B",498,108,21.7,10,2,1,0.2,115,23.1,383,"Yes",811
"rilta_lta_m3_n_500_tp_3.179_m_3_l_c","Model 3","N = 500",500,".800",3.179,3,".60, .30, .10","C",497,94,18.9,25,5,0,0,113,22.7,384,"Yes",805
"rilta_lta_m3_n_500_tp_3.179_m_3_l_d","Model 3","N = 500",500,".800",3.179,3,".60, .30, .10","D",499,91,18.2,58,11.6,1,0.2,136,27.3,363,"Yes",864
"rilta_lta_m1_n_1000_tp_0.407_m_1_l_0.3","Model 1","N = 1000",1000,".200",0.407,1,".10, .30, .60","0.3",500,232,46.4,47,9.4,1,0.2,251,50.2,249,"Yes",1344
"rilta_lta_m1_n_1000_tp_0.407_m_1_l_0.5","Model 1","N = 1000",1000,".200",0.407,1,".10, .30, .60","0.5",500,247,49.4,40,8,2,0.4,266,53.2,234,"Yes",1452
"rilta_lta_m1_n_1000_tp_0.407_m_1_l_0.7","Model 1","N = 1000",1000,".200",0.407,1,".10, .30, .60","0.7",500,265,53,56,11.2,2,0.4,295,59,205,"Yes",1722
"rilta_lta_m1_n_1000_tp_0.407_m_1_l_0.9","Model 1","N = 1000",1000,".200",0.407,1,".10, .30, .60","0.9",500,281,56.2,88,17.6,1,0.2,315,63,185,"Yes",1979
"rilta_lta_m1_n_1000_tp_0.407_m_1_l_a","Model 1","N = 1000",1000,".200",0.407,1,".10, .30, .60","A",500,200,40,152,30.4,7,1.4,300,60,200,"Yes",1780
"rilta_lta_m1_n_1000_tp_0.407_m_1_l_b","Model 1","N = 1000",1000,".200",0.407,1,".10, .30, .60","B",500,235,47,63,12.6,2,0.4,272,54.4,228,"Yes",1501
"rilta_lta_m1_n_1000_tp_0.407_m_1_l_c","Model 1","N = 1000",1000,".200",0.407,1,".10, .30, .60","C",500,224,44.8,72,14.4,6,1.2,264,52.8,236,"Yes",1437
"rilta_lta_m1_n_1000_tp_0.407_m_1_l_d","Model 1","N = 1000",1000,".200",0.407,1,".10, .30, .60","D",500,229,45.8,81,16.2,4,0.8,264,52.8,236,"Yes",1437
"rilta_lta_m1_n_1000_tp_0.407_m_2_l_0.3","Model 1","N = 1000",1000,".200",0.407,2,".33, .33, .33","0.3",500,246,49.2,21,4.2,4,0.8,259,51.8,241,"Yes",1400
"rilta_lta_m1_n_1000_tp_0.407_m_2_l_0.5","Model 1","N = 1000",1000,".200",0.407,2,".33, .33, .33","0.5",500,260,52,16,3.2,1,0.2,271,54.2,229,"Yes",1492
"rilta_lta_m1_n_1000_tp_0.407_m_2_l_0.7","Model 1","N = 1000",1000,".200",0.407,2,".33, .33, .33","0.7",500,294,58.8,18,3.6,2,0.4,301,60.2,199,"Yes",1792
"rilta_lta_m1_n_1000_tp_0.407_m_2_l_0.9","Model 1","N = 1000",1000,".200",0.407,2,".33, .33, .33","0.9",497,274,55.1,28,5.6,1,0.2,288,57.9,209,"Yes",1654
"rilta_lta_m1_n_1000_tp_0.407_m_2_l_a","Model 1","N = 1000",1000,".200",0.407,2,".33, .33, .33","A",500,235,47,111,22.2,12,2.4,295,59,205,"Yes",1722
"rilta_lta_m1_n_1000_tp_0.407_m_2_l_b","Model 1","N = 1000",1000,".200",0.407,2,".33, .33, .33","B",500,256,51.2,43,8.6,1,0.2,278,55.6,222,"Yes",1553
"rilta_lta_m1_n_1000_tp_0.407_m_2_l_c","Model 1","N = 1000",1000,".200",0.407,2,".33, .33, .33","C",500,268,53.6,44,8.8,1,0.2,292,58.4,208,"Yes",1689
"rilta_lta_m1_n_1000_tp_0.407_m_2_l_d","Model 1","N = 1000",1000,".200",0.407,2,".33, .33, .33","D",500,288,57.6,49,9.8,4,0.8,312,62.4,188,"Yes",1935
"rilta_lta_m1_n_1000_tp_0.407_m_3_l_0.3","Model 1","N = 1000",1000,".200",0.407,3,".60, .30, .10","0.3",499,225,45.1,63,12.6,1,0.2,255,51.1,244,"Yes",1372
"rilta_lta_m1_n_1000_tp_0.407_m_3_l_0.5","Model 1","N = 1000",1000,".200",0.407,3,".60, .30, .10","0.5",498,219,44,56,11.2,1,0.2,248,49.8,250,"Yes",1326
"rilta_lta_m1_n_1000_tp_0.407_m_3_l_0.7","Model 1","N = 1000",1000,".200",0.407,3,".60, .30, .10","0.7",494,257,52,61,12.3,1,0.2,285,57.7,209,"Yes",1634
"rilta_lta_m1_n_1000_tp_0.407_m_3_l_0.9","Model 1","N = 1000",1000,".200",0.407,3,".60, .30, .10","0.9",493,242,49.1,82,16.6,0,0,283,57.4,210,"Yes",1616
"rilta_lta_m1_n_1000_tp_0.407_m_3_l_a","Model 1","N = 1000",1000,".200",0.407,3,".60, .30, .10","A",499,249,49.9,207,41.5,14,2.8,356,71.3,143,"Yes",2875
"rilta_lta_m1_n_1000_tp_0.407_m_3_l_b","Model 1","N = 1000",1000,".200",0.407,3,".60, .30, .10","B",499,225,45.1,77,15.4,1,0.2,268,53.7,231,"Yes",1469
"rilta_lta_m1_n_1000_tp_0.407_m_3_l_c","Model 1","N = 1000",1000,".200",0.407,3,".60, .30, .10","C",499,215,43.1,82,16.4,1,0.2,261,52.3,238,"Yes",1415
"rilta_lta_m1_n_1000_tp_0.407_m_3_l_d","Model 1","N = 1000",1000,".200",0.407,3,".60, .30, .10","D",499,230,46.1,83,16.6,6,1.2,277,55.5,222,"Yes",1545
"rilta_lta_m2_n_1000_tp_0.407_m_1_l_0.3","Model 2","N = 1000",1000,".200",0.407,1,".10, .30, .60","0.3",500,26,5.2,3,0.6,2,0.4,31,6.2,469,"Yes",659
"rilta_lta_m2_n_1000_tp_0.407_m_1_l_0.5","Model 2","N = 1000",1000,".200",0.407,1,".10, .30, .60","0.5",498,23,4.6,3,0.6,4,0.8,30,6,468,"Yes",655
"rilta_lta_m2_n_1000_tp_0.407_m_1_l_0.7","Model 2","N = 1000",1000,".200",0.407,1,".10, .30, .60","0.7",499,27,5.4,2,0.4,4,0.8,32,6.4,467,"Yes",660
"rilta_lta_m2_n_1000_tp_0.407_m_1_l_0.9","Model 2","N = 1000",1000,".200",0.407,1,".10, .30, .60","0.9",497,53,10.7,6,1.2,1,0.2,60,12.1,437,"Yes",702
"rilta_lta_m2_n_1000_tp_0.407_m_1_l_a","Model 2","N = 1000",1000,".200",0.407,1,".10, .30, .60","A",498,26,5.2,5,1,5,1,36,7.2,462,"Yes",664
"rilta_lta_m2_n_1000_tp_0.407_m_1_l_b","Model 2","N = 1000",1000,".200",0.407,1,".10, .30, .60","B",499,25,5,6,1.2,1,0.2,32,6.4,467,"Yes",660
"rilta_lta_m2_n_1000_tp_0.407_m_1_l_c","Model 2","N = 1000",1000,".200",0.407,1,".10, .30, .60","C",500,28,5.6,3,0.6,1,0.2,32,6.4,468,"Yes",661
"rilta_lta_m2_n_1000_tp_0.407_m_1_l_d","Model 2","N = 1000",1000,".200",0.407,1,".10, .30, .60","D",499,35,7,0,0,1,0.2,36,7.2,463,"Yes",666
"rilta_lta_m2_n_1000_tp_0.407_m_2_l_0.3","Model 2","N = 1000",1000,".200",0.407,2,".33, .33, .33","0.3",497,47,9.5,2,0.4,5,1,54,10.9,443,"Yes",692
"rilta_lta_m2_n_1000_tp_0.407_m_2_l_0.5","Model 2","N = 1000",1000,".200",0.407,2,".33, .33, .33","0.5",498,52,10.4,2,0.4,5,1,59,11.8,439,"Yes",701
"rilta_lta_m2_n_1000_tp_0.407_m_2_l_0.7","Model 2","N = 1000",1000,".200",0.407,2,".33, .33, .33","0.7",498,70,14.1,2,0.4,1,0.2,73,14.7,425,"Yes",726
"rilta_lta_m2_n_1000_tp_0.407_m_2_l_0.9","Model 2","N = 1000",1000,".200",0.407,2,".33, .33, .33","0.9",498,80,16.1,1,0.2,4,0.8,84,16.9,414,"Yes",746
"rilta_lta_m2_n_1000_tp_0.407_m_2_l_a","Model 2","N = 1000",1000,".200",0.407,2,".33, .33, .33","A",500,42,8.4,1,0.2,1,0.2,44,8.8,456,"Yes",679
"rilta_lta_m2_n_1000_tp_0.407_m_2_l_b","Model 2","N = 1000",1000,".200",0.407,2,".33, .33, .33","B",498,52,10.4,1,0.2,3,0.6,56,11.2,442,"Yes",696
"rilta_lta_m2_n_1000_tp_0.407_m_2_l_c","Model 2","N = 1000",1000,".200",0.407,2,".33, .33, .33","C",498,59,11.8,4,0.8,1,0.2,64,12.9,434,"Yes",710
"rilta_lta_m2_n_1000_tp_0.407_m_2_l_d","Model 2","N = 1000",1000,".200",0.407,2,".33, .33, .33","D",499,57,11.4,2,0.4,1,0.2,60,12,439,"Yes",704
"rilta_lta_m2_n_1000_tp_0.407_m_3_l_0.3","Model 2","N = 1000",1000,".200",0.407,3,".60, .30, .10","0.3",497,63,12.7,2,0.4,2,0.4,67,13.5,430,"Yes",714
"rilta_lta_m2_n_1000_tp_0.407_m_3_l_0.5","Model 2","N = 1000",1000,".200",0.407,3,".60, .30, .10","0.5",498,55,11,0,0,1,0.2,56,11.2,442,"Yes",696
"rilta_lta_m2_n_1000_tp_0.407_m_3_l_0.7","Model 2","N = 1000",1000,".200",0.407,3,".60, .30, .10","0.7",498,69,13.9,0,0,1,0.2,70,14.1,428,"Yes",720
"rilta_lta_m2_n_1000_tp_0.407_m_3_l_0.9","Model 2","N = 1000",1000,".200",0.407,3,".60, .30, .10","0.9",498,67,13.5,1,0.2,1,0.2,69,13.9,429,"Yes",719
"rilta_lta_m2_n_1000_tp_0.407_m_3_l_a","Model 2","N = 1000",1000,".200",0.407,3,".60, .30, .10","A",495,53,10.7,3,0.6,0,0,56,11.3,439,"Yes",693
"rilta_lta_m2_n_1000_tp_0.407_m_3_l_b","Model 2","N = 1000",1000,".200",0.407,3,".60, .30, .10","B",497,73,14.7,1,0.2,1,0.2,75,15.1,422,"Yes",728
"rilta_lta_m2_n_1000_tp_0.407_m_3_l_c","Model 2","N = 1000",1000,".200",0.407,3,".60, .30, .10","C",498,62,12.4,3,0.6,3,0.6,68,13.7,430,"Yes",717
"rilta_lta_m2_n_1000_tp_0.407_m_3_l_d","Model 2","N = 1000",1000,".200",0.407,3,".60, .30, .10","D",498,58,11.6,3,0.6,1,0.2,60,12,438,"Yes",702
"rilta_lta_m3_n_1000_tp_0.407_m_1_l_0.3","Model 3","N = 1000",1000,".200",0.407,1,".10, .30, .60","0.3",499,103,20.6,4,0.8,0,0,107,21.4,392,"Yes",794
"rilta_lta_m3_n_1000_tp_0.407_m_1_l_0.5","Model 3","N = 1000",1000,".200",0.407,1,".10, .30, .60","0.5",500,104,20.8,3,0.6,1,0.2,108,21.6,392,"Yes",797
"rilta_lta_m3_n_1000_tp_0.407_m_1_l_0.7","Model 3","N = 1000",1000,".200",0.407,1,".10, .30, .60","0.7",499,107,21.4,2,0.4,1,0.2,109,21.8,390,"Yes",798
"rilta_lta_m3_n_1000_tp_0.407_m_1_l_0.9","Model 3","N = 1000",1000,".200",0.407,1,".10, .30, .60","0.9",500,186,37.2,1,0.2,0,0,186,37.2,314,"Yes",1021
"rilta_lta_m3_n_1000_tp_0.407_m_1_l_a","Model 3","N = 1000",1000,".200",0.407,1,".10, .30, .60","A",500,120,24,16,3.2,1,0.2,128,25.6,372,"Yes",844
"rilta_lta_m3_n_1000_tp_0.407_m_1_l_b","Model 3","N = 1000",1000,".200",0.407,1,".10, .30, .60","B",499,105,21,2,0.4,0,0,107,21.4,392,"Yes",794
"rilta_lta_m3_n_1000_tp_0.407_m_1_l_c","Model 3","N = 1000",1000,".200",0.407,1,".10, .30, .60","C",500,114,22.8,9,1.8,0,0,120,24,380,"Yes",825
"rilta_lta_m3_n_1000_tp_0.407_m_1_l_d","Model 3","N = 1000",1000,".200",0.407,1,".10, .30, .60","D",499,89,17.8,11,2.2,0,0,97,19.4,402,"Yes",772
"rilta_lta_m3_n_1000_tp_0.407_m_2_l_0.3","Model 3","N = 1000",1000,".200",0.407,2,".33, .33, .33","0.3",500,136,27.2,0,0,0,0,136,27.2,364,"Yes",865
"rilta_lta_m3_n_1000_tp_0.407_m_2_l_0.5","Model 3","N = 1000",1000,".200",0.407,2,".33, .33, .33","0.5",500,161,32.2,0,0,0,0,161,32.2,339,"Yes",936
"rilta_lta_m3_n_1000_tp_0.407_m_2_l_0.7","Model 3","N = 1000",1000,".200",0.407,2,".33, .33, .33","0.7",500,124,24.8,0,0,0,0,124,24.8,376,"Yes",834
"rilta_lta_m3_n_1000_tp_0.407_m_2_l_0.9","Model 3","N = 1000",1000,".200",0.407,2,".33, .33, .33","0.9",500,154,30.8,0,0,0,0,154,30.8,346,"Yes",915
"rilta_lta_m3_n_1000_tp_0.407_m_2_l_a","Model 3","N = 1000",1000,".200",0.407,2,".33, .33, .33","A",500,150,30,0,0,1,0.2,151,30.2,349,"Yes",906
"rilta_lta_m3_n_1000_tp_0.407_m_2_l_b","Model 3","N = 1000",1000,".200",0.407,2,".33, .33, .33","B",500,128,25.6,1,0.2,1,0.2,129,25.8,371,"Yes",847
"rilta_lta_m3_n_1000_tp_0.407_m_2_l_c","Model 3","N = 1000",1000,".200",0.407,2,".33, .33, .33","C",500,118,23.6,0,0,1,0.2,119,23.8,381,"Yes",822
"rilta_lta_m3_n_1000_tp_0.407_m_2_l_d","Model 3","N = 1000",1000,".200",0.407,2,".33, .33, .33","D",500,118,23.6,13,2.6,4,0.8,129,25.8,371,"Yes",847
"rilta_lta_m3_n_1000_tp_0.407_m_3_l_0.3","Model 3","N = 1000",1000,".200",0.407,3,".60, .30, .10","0.3",498,120,24.1,0,0,0,0,120,24.1,378,"Yes",823
"rilta_lta_m3_n_1000_tp_0.407_m_3_l_0.5","Model 3","N = 1000",1000,".200",0.407,3,".60, .30, .10","0.5",499,122,24.4,1,0.2,0,0,123,24.6,376,"Yes",830
"rilta_lta_m3_n_1000_tp_0.407_m_3_l_0.7","Model 3","N = 1000",1000,".200",0.407,3,".60, .30, .10","0.7",500,140,28,4,0.8,0,0,144,28.8,356,"Yes",886
"rilta_lta_m3_n_1000_tp_0.407_m_3_l_0.9","Model 3","N = 1000",1000,".200",0.407,3,".60, .30, .10","0.9",500,143,28.6,0,0,0,0,143,28.6,357,"Yes",883
"rilta_lta_m3_n_1000_tp_0.407_m_3_l_a","Model 3","N = 1000",1000,".200",0.407,3,".60, .30, .10","A",498,114,22.9,1,0.2,0,0,115,23.1,383,"Yes",811
"rilta_lta_m3_n_1000_tp_0.407_m_3_l_b","Model 3","N = 1000",1000,".200",0.407,3,".60, .30, .10","B",500,117,23.4,0,0,0,0,117,23.4,383,"Yes",818
"rilta_lta_m3_n_1000_tp_0.407_m_3_l_c","Model 3","N = 1000",1000,".200",0.407,3,".60, .30, .10","C",499,117,23.4,1,0.2,1,0.2,118,23.6,381,"Yes",818
"rilta_lta_m3_n_1000_tp_0.407_m_3_l_d","Model 3","N = 1000",1000,".200",0.407,3,".60, .30, .10","D",499,103,20.6,2,0.4,2,0.4,107,21.4,392,"Yes",794
"rilta_lta_m1_n_1000_tp_3.179_m_1_l_0.3","Model 1","N = 1000",1000,".800",3.179,1,".10, .30, .60","0.3",499,232,46.5,104,20.8,8,1.6,295,59.1,204,"Yes",1724
"rilta_lta_m1_n_1000_tp_3.179_m_1_l_0.5","Model 1","N = 1000",1000,".800",3.179,1,".10, .30, .60","0.5",500,269,53.8,109,21.8,1,0.2,311,62.2,189,"Yes",1921
"rilta_lta_m1_n_1000_tp_3.179_m_1_l_0.7","Model 1","N = 1000",1000,".800",3.179,1,".10, .30, .60","0.7",500,287,57.4,136,27.2,2,0.4,353,70.6,147,"Yes",2773
"rilta_lta_m1_n_1000_tp_3.179_m_1_l_0.9","Model 1","N = 1000",1000,".800",3.179,1,".10, .30, .60","0.9",500,318,63.6,182,36.4,1,0.2,389,77.8,111,"Yes",4520
"rilta_lta_m1_n_1000_tp_3.179_m_1_l_a","Model 1","N = 1000",1000,".800",3.179,1,".10, .30, .60","A",499,211,42.3,162,32.5,9,1.8,315,63.1,184,"Yes",1982
"rilta_lta_m1_n_1000_tp_3.179_m_1_l_b","Model 1","N = 1000",1000,".800",3.179,1,".10, .30, .60","B",500,244,48.8,84,16.8,4,0.8,292,58.4,208,"Yes",1689
"rilta_lta_m1_n_1000_tp_3.179_m_1_l_c","Model 1","N = 1000",1000,".800",3.179,1,".10, .30, .60","C",500,232,46.4,86,17.2,5,1,284,56.8,216,"Yes",1608
"rilta_lta_m1_n_1000_tp_3.179_m_1_l_d","Model 1","N = 1000",1000,".800",3.179,1,".10, .30, .60","D",500,225,45,100,20,8,1.6,277,55.4,223,"Yes",1544
"rilta_lta_m1_n_1000_tp_3.179_m_2_l_0.3","Model 1","N = 1000",1000,".800",3.179,2,".33, .33, .33","0.3",500,307,61.4,40,8,1,0.2,322,64.4,178,"Yes",2088
"rilta_lta_m1_n_1000_tp_3.179_m_2_l_0.5","Model 1","N = 1000",1000,".800",3.179,2,".33, .33, .33","0.5",500,278,55.6,42,8.4,2,0.4,298,59.6,202,"Yes",1756
"rilta_lta_m1_n_1000_tp_3.179_m_2_l_0.7","Model 1","N = 1000",1000,".800",3.179,2,".33, .33, .33","0.7",500,305,61,66,13.2,1,0.2,331,66.2,169,"Yes",2248
"rilta_lta_m1_n_1000_tp_3.179_m_2_l_0.9","Model 1","N = 1000",1000,".800",3.179,2,".33, .33, .33","0.9",497,328,66,89,17.9,0,0,358,72,139,"Yes",2979
"rilta_lta_m1_n_1000_tp_3.179_m_2_l_a","Model 1","N = 1000",1000,".800",3.179,2,".33, .33, .33","A",499,251,50.3,133,26.7,13,2.6,327,65.5,172,"Yes",2179
"rilta_lta_m1_n_1000_tp_3.179_m_2_l_b","Model 1","N = 1000",1000,".800",3.179,2,".33, .33, .33","B",500,282,56.4,48,9.6,3,0.6,305,61,195,"Yes",1841
"rilta_lta_m1_n_1000_tp_3.179_m_2_l_c","Model 1","N = 1000",1000,".800",3.179,2,".33, .33, .33","C",500,279,55.8,44,8.8,6,1.2,304,60.8,196,"Yes",1829
"rilta_lta_m1_n_1000_tp_3.179_m_2_l_d","Model 1","N = 1000",1000,".800",3.179,2,".33, .33, .33","D",500,276,55.2,44,8.8,4,0.8,295,59,205,"Yes",1722
"rilta_lta_m1_n_1000_tp_3.179_m_3_l_0.3","Model 1","N = 1000",1000,".800",3.179,3,".60, .30, .10","0.3",497,217,43.7,90,18.1,3,0.6,271,54.5,226,"Yes",1496
"rilta_lta_m1_n_1000_tp_3.179_m_3_l_0.5","Model 1","N = 1000",1000,".800",3.179,3,".60, .30, .10","0.5",499,223,44.7,93,18.6,1,0.2,273,54.7,226,"Yes",1510
"rilta_lta_m1_n_1000_tp_3.179_m_3_l_0.7","Model 1","N = 1000",1000,".800",3.179,3,".60, .30, .10","0.7",500,264,52.8,105,21,1,0.2,314,62.8,186,"Yes",1964
"rilta_lta_m1_n_1000_tp_3.179_m_3_l_0.9","Model 1","N = 1000",1000,".800",3.179,3,".60, .30, .10","0.9",495,294,59.4,151,30.5,2,0.4,341,68.9,154,"Yes",2518
"rilta_lta_m1_n_1000_tp_3.179_m_3_l_a","Model 1","N = 1000",1000,".800",3.179,3,".60, .30, .10","A",500,283,56.6,217,43.4,6,1.2,366,73.2,134,"Yes",3220
"rilta_lta_m1_n_1000_tp_3.179_m_3_l_b","Model 1","N = 1000",1000,".800",3.179,3,".60, .30, .10","B",500,232,46.4,125,25,1,0.2,292,58.4,208,"Yes",1689
"rilta_lta_m1_n_1000_tp_3.179_m_3_l_c","Model 1","N = 1000",1000,".800",3.179,3,".60, .30, .10","C",498,231,46.4,125,25.1,2,0.4,293,58.8,205,"Yes",1705
"rilta_lta_m1_n_1000_tp_3.179_m_3_l_d","Model 1","N = 1000",1000,".800",3.179,3,".60, .30, .10","D",498,215,43.2,128,25.7,2,0.4,291,58.4,207,"Yes",1683
"rilta_lta_m2_n_1000_tp_3.179_m_1_l_0.3","Model 2","N = 1000",1000,".800",3.179,1,".10, .30, .60","0.3",497,37,7.4,5,1,2,0.4,44,8.9,453,"Yes",676
"rilta_lta_m2_n_1000_tp_3.179_m_1_l_0.5","Model 2","N = 1000",1000,".800",3.179,1,".10, .30, .60","0.5",497,49,9.9,8,1.6,0,0,56,11.3,441,"Yes",695
"rilta_lta_m2_n_1000_tp_3.179_m_1_l_0.7","Model 2","N = 1000",1000,".800",3.179,1,".10, .30, .60","0.7",500,72,14.4,18,3.6,1,0.2,90,18,410,"Yes",760
"rilta_lta_m2_n_1000_tp_3.179_m_1_l_0.9","Model 2","N = 1000",1000,".800",3.179,1,".10, .30, .60","0.9",499,65,13,13,2.6,1,0.2,79,15.8,420,"Yes",737
"rilta_lta_m2_n_1000_tp_3.179_m_1_l_a","Model 2","N = 1000",1000,".800",3.179,1,".10, .30, .60","A",493,46,9.3,5,1,4,0.8,55,11.2,438,"Yes",689
"rilta_lta_m2_n_1000_tp_3.179_m_1_l_b","Model 2","N = 1000",1000,".800",3.179,1,".10, .30, .60","B",498,41,8.2,14,2.8,1,0.2,56,11.2,442,"Yes",696
"rilta_lta_m2_n_1000_tp_3.179_m_1_l_c","Model 2","N = 1000",1000,".800",3.179,1,".10, .30, .60","C",499,53,10.6,14,2.8,1,0.2,66,13.2,433,"Yes",714
"rilta_lta_m2_n_1000_tp_3.179_m_1_l_d","Model 2","N = 1000",1000,".800",3.179,1,".10, .30, .60","D",500,42,8.4,10,2,0,0,51,10.2,449,"Yes",690
"rilta_lta_m2_n_1000_tp_3.179_m_2_l_0.3","Model 2","N = 1000",1000,".800",3.179,2,".33, .33, .33","0.3",499,100,20,0,0,1,0.2,101,20.2,398,"Yes",781
"rilta_lta_m2_n_1000_tp_3.179_m_2_l_0.5","Model 2","N = 1000",1000,".800",3.179,2,".33, .33, .33","0.5",498,99,19.9,0,0,0,0,99,19.9,399,"Yes",776
"rilta_lta_m2_n_1000_tp_3.179_m_2_l_0.7","Model 2","N = 1000",1000,".800",3.179,2,".33, .33, .33","0.7",499,108,21.6,0,0,1,0.2,109,21.8,390,"Yes",798
"rilta_lta_m2_n_1000_tp_3.179_m_2_l_0.9","Model 2","N = 1000",1000,".800",3.179,2,".33, .33, .33","0.9",499,128,25.7,0,0,0,0,128,25.7,371,"Yes",844
"rilta_lta_m2_n_1000_tp_3.179_m_2_l_a","Model 2","N = 1000",1000,".800",3.179,2,".33, .33, .33","A",494,112,22.7,0,0,2,0.4,114,23.1,380,"Yes",805
"rilta_lta_m2_n_1000_tp_3.179_m_2_l_b","Model 2","N = 1000",1000,".800",3.179,2,".33, .33, .33","B",499,100,20,0,0,1,0.2,101,20.2,398,"Yes",781
"rilta_lta_m2_n_1000_tp_3.179_m_2_l_c","Model 2","N = 1000",1000,".800",3.179,2,".33, .33, .33","C",499,105,21,0,0,0,0,105,21,394,"Yes",789
"rilta_lta_m2_n_1000_tp_3.179_m_2_l_d","Model 2","N = 1000",1000,".800",3.179,2,".33, .33, .33","D",498,99,19.9,0,0,1,0.2,99,19.9,399,"Yes",776
"rilta_lta_m2_n_1000_tp_3.179_m_3_l_0.3","Model 2","N = 1000",1000,".800",3.179,3,".60, .30, .10","0.3",497,97,19.5,2,0.4,1,0.2,100,20.1,397,"Yes",777
"rilta_lta_m2_n_1000_tp_3.179_m_3_l_0.5","Model 2","N = 1000",1000,".800",3.179,3,".60, .30, .10","0.5",499,87,17.4,0,0,3,0.6,88,17.6,411,"Yes",754
"rilta_lta_m2_n_1000_tp_3.179_m_3_l_0.7","Model 2","N = 1000",1000,".800",3.179,3,".60, .30, .10","0.7",499,87,17.4,0,0,1,0.2,87,17.4,412,"Yes",752
"rilta_lta_m2_n_1000_tp_3.179_m_3_l_0.9","Model 2","N = 1000",1000,".800",3.179,3,".60, .30, .10","0.9",498,117,23.5,1,0.2,0,0,117,23.5,381,"Yes",816
"rilta_lta_m2_n_1000_tp_3.179_m_3_l_a","Model 2","N = 1000",1000,".800",3.179,3,".60, .30, .10","A",500,75,15,1,0.2,0,0,76,15.2,424,"Yes",733
"rilta_lta_m2_n_1000_tp_3.179_m_3_l_b","Model 2","N = 1000",1000,".800",3.179,3,".60, .30, .10","B",498,87,17.5,2,0.4,1,0.2,89,17.9,409,"Yes",756
"rilta_lta_m2_n_1000_tp_3.179_m_3_l_c","Model 2","N = 1000",1000,".800",3.179,3,".60, .30, .10","C",500,88,17.6,0,0,2,0.4,90,18,410,"Yes",760
"rilta_lta_m2_n_1000_tp_3.179_m_3_l_d","Model 2","N = 1000",1000,".800",3.179,3,".60, .30, .10","D",500,73,14.6,2,0.4,0,0,74,14.8,426,"Yes",729
"rilta_lta_m3_n_1000_tp_3.179_m_1_l_0.3","Model 3","N = 1000",1000,".800",3.179,1,".10, .30, .60","0.3",498,110,22.1,33,6.6,0,0,134,26.9,364,"Yes",857
"rilta_lta_m3_n_1000_tp_3.179_m_1_l_0.5","Model 3","N = 1000",1000,".800",3.179,1,".10, .30, .60","0.5",500,117,23.4,25,5,0,0,136,27.2,364,"Yes",865
"rilta_lta_m3_n_1000_tp_3.179_m_1_l_0.7","Model 3","N = 1000",1000,".800",3.179,1,".10, .30, .60","0.7",500,129,25.8,14,2.8,0,0,141,28.2,359,"Yes",878
"rilta_lta_m3_n_1000_tp_3.179_m_1_l_0.9","Model 3","N = 1000",1000,".800",3.179,1,".10, .30, .60","0.9",500,154,30.8,7,1.4,0,0,160,32,340,"Yes",933
"rilta_lta_m3_n_1000_tp_3.179_m_1_l_a","Model 3","N = 1000",1000,".800",3.179,1,".10, .30, .60","A",500,129,25.8,16,3.2,1,0.2,142,28.4,358,"Yes",881
"rilta_lta_m3_n_1000_tp_3.179_m_1_l_b","Model 3","N = 1000",1000,".800",3.179,1,".10, .30, .60","B",497,93,18.7,48,9.7,0,0,134,27,363,"Yes",857
"rilta_lta_m3_n_1000_tp_3.179_m_1_l_c","Model 3","N = 1000",1000,".800",3.179,1,".10, .30, .60","C",499,103,20.6,69,13.8,0,0,151,30.3,348,"Yes",906
"rilta_lta_m3_n_1000_tp_3.179_m_1_l_d","Model 3","N = 1000",1000,".800",3.179,1,".10, .30, .60","D",500,103,20.6,69,13.8,0,0,157,31.4,343,"Yes",924
"rilta_lta_m3_n_1000_tp_3.179_m_2_l_0.3","Model 3","N = 1000",1000,".800",3.179,2,".33, .33, .33","0.3",500,152,30.4,0,0,0,0,152,30.4,348,"Yes",909
"rilta_lta_m3_n_1000_tp_3.179_m_2_l_0.5","Model 3","N = 1000",1000,".800",3.179,2,".33, .33, .33","0.5",500,159,31.8,2,0.4,0,0,161,32.2,339,"Yes",936
"rilta_lta_m3_n_1000_tp_3.179_m_2_l_0.7","Model 3","N = 1000",1000,".800",3.179,2,".33, .33, .33","0.7",500,170,34,1,0.2,0,0,170,34,330,"Yes",965
"rilta_lta_m3_n_1000_tp_3.179_m_2_l_0.9","Model 3","N = 1000",1000,".800",3.179,2,".33, .33, .33","0.9",500,185,37,1,0.2,0,0,186,37.2,314,"Yes",1021
"rilta_lta_m3_n_1000_tp_3.179_m_2_l_a","Model 3","N = 1000",1000,".800",3.179,2,".33, .33, .33","A",500,146,29.2,1,0.2,0,0,146,29.2,354,"Yes",892
"rilta_lta_m3_n_1000_tp_3.179_m_2_l_b","Model 3","N = 1000",1000,".800",3.179,2,".33, .33, .33","B",500,139,27.8,6,1.2,0,0,144,28.8,356,"Yes",886
"rilta_lta_m3_n_1000_tp_3.179_m_2_l_c","Model 3","N = 1000",1000,".800",3.179,2,".33, .33, .33","C",500,135,27,15,3,0,0,148,29.6,352,"Yes",897
"rilta_lta_m3_n_1000_tp_3.179_m_2_l_d","Model 3","N = 1000",1000,".800",3.179,2,".33, .33, .33","D",500,136,27.2,24,4.8,1,0.2,155,31,345,"Yes",918
"rilta_lta_m3_n_1000_tp_3.179_m_3_l_0.3","Model 3","N = 1000",1000,".800",3.179,3,".60, .30, .10","0.3",500,103,20.6,0,0,0,0,103,20.6,397,"Yes",786
"rilta_lta_m3_n_1000_tp_3.179_m_3_l_0.5","Model 3","N = 1000",1000,".800",3.179,3,".60, .30, .10","0.5",500,134,26.8,0,0,0,0,134,26.8,366,"Yes",859
"rilta_lta_m3_n_1000_tp_3.179_m_3_l_0.7","Model 3","N = 1000",1000,".800",3.179,3,".60, .30, .10","0.7",500,126,25.2,1,0.2,0,0,127,25.4,373,"Yes",842
"rilta_lta_m3_n_1000_tp_3.179_m_3_l_0.9","Model 3","N = 1000",1000,".800",3.179,3,".60, .30, .10","0.9",500,124,24.8,3,0.6,0,0,127,25.4,373,"Yes",842
"rilta_lta_m3_n_1000_tp_3.179_m_3_l_a","Model 3","N = 1000",1000,".800",3.179,3,".60, .30, .10","A",500,114,22.8,0,0,0,0,114,22.8,386,"Yes",811
"rilta_lta_m3_n_1000_tp_3.179_m_3_l_b","Model 3","N = 1000",1000,".800",3.179,3,".60, .30, .10","B",500,101,20.2,2,0.4,0,0,102,20.4,398,"Yes",784
"rilta_lta_m3_n_1000_tp_3.179_m_3_l_c","Model 3","N = 1000",1000,".800",3.179,3,".60, .30, .10","C",500,96,19.2,5,1,1,0.2,102,20.4,398,"Yes",784
"rilta_lta_m3_n_1000_tp_3.179_m_3_l_d","Model 3","N = 1000",1000,".800",3.179,3,".60, .30, .10","D",500,107,21.4,20,4,0,0,123,24.6,377,"Yes",832
"rilta_lta_m1_n_2500_tp_0.407_m_1_l_0.3","Model 1","N = 2500",2500,".200",0.407,1,".10, .30, .60","0.3",500,230,46,2,0.4,0,0,232,46.4,268,"Yes",1229
"rilta_lta_m1_n_2500_tp_0.407_m_1_l_0.5","Model 1","N = 2500",2500,".200",0.407,1,".10, .30, .60","0.5",500,231,46.2,1,0.2,2,0.4,233,46.6,267,"Yes",1235
"rilta_lta_m1_n_2500_tp_0.407_m_1_l_0.7","Model 1","N = 2500",2500,".200",0.407,1,".10, .30, .60","0.7",500,258,51.6,7,1.4,1,0.2,261,52.2,239,"Yes",1414
"rilta_lta_m1_n_2500_tp_0.407_m_1_l_0.9","Model 1","N = 2500",2500,".200",0.407,1,".10, .30, .60","0.9",500,279,55.8,40,8,0,0,294,58.8,206,"Yes",1711
"rilta_lta_m1_n_2500_tp_0.407_m_1_l_a","Model 1","N = 2500",2500,".200",0.407,1,".10, .30, .60","A",500,226,45.2,69,13.8,19,3.8,277,55.4,223,"Yes",1544
"rilta_lta_m1_n_2500_tp_0.407_m_1_l_b","Model 1","N = 2500",2500,".200",0.407,1,".10, .30, .60","B",500,251,50.2,0,0,2,0.4,253,50.6,247,"Yes",1358
"rilta_lta_m1_n_2500_tp_0.407_m_1_l_c","Model 1","N = 2500",2500,".200",0.407,1,".10, .30, .60","C",500,238,47.6,3,0.6,0,0,240,48,260,"Yes",1275
"rilta_lta_m1_n_2500_tp_0.407_m_1_l_d","Model 1","N = 2500",2500,".200",0.407,1,".10, .30, .60","D",500,255,51,11,2.2,0,0,261,52.2,239,"Yes",1414
"rilta_lta_m1_n_2500_tp_0.407_m_2_l_0.3","Model 1","N = 2500",2500,".200",0.407,2,".33, .33, .33","0.3",500,270,54,0,0,0,0,270,54,230,"Yes",1484
"rilta_lta_m1_n_2500_tp_0.407_m_2_l_0.5","Model 1","N = 2500",2500,".200",0.407,2,".33, .33, .33","0.5",500,282,56.4,0,0,0,0,282,56.4,218,"Yes",1589
"rilta_lta_m1_n_2500_tp_0.407_m_2_l_0.7","Model 1","N = 2500",2500,".200",0.407,2,".33, .33, .33","0.7",500,294,58.8,1,0.2,0,0,295,59,205,"Yes",1722
"rilta_lta_m1_n_2500_tp_0.407_m_2_l_0.9","Model 1","N = 2500",2500,".200",0.407,2,".33, .33, .33","0.9",500,243,48.6,3,0.6,2,0.4,244,48.8,256,"Yes",1299
"rilta_lta_m1_n_2500_tp_0.407_m_2_l_a","Model 1","N = 2500",2500,".200",0.407,2,".33, .33, .33","A",500,239,47.8,89,17.8,24,4.8,297,59.4,203,"Yes",1745
"rilta_lta_m1_n_2500_tp_0.407_m_2_l_b","Model 1","N = 2500",2500,".200",0.407,2,".33, .33, .33","B",500,262,52.4,4,0.8,2,0.4,265,53,235,"Yes",1444
"rilta_lta_m1_n_2500_tp_0.407_m_2_l_c","Model 1","N = 2500",2500,".200",0.407,2,".33, .33, .33","C",500,298,59.6,0,0,1,0.2,299,59.8,201,"Yes",1768
"rilta_lta_m1_n_2500_tp_0.407_m_2_l_d","Model 1","N = 2500",2500,".200",0.407,2,".33, .33, .33","D",500,290,58,3,0.6,1,0.2,292,58.4,208,"Yes",1689
"rilta_lta_m1_n_2500_tp_0.407_m_3_l_0.3","Model 1","N = 2500",2500,".200",0.407,3,".60, .30, .10","0.3",500,237,47.4,9,1.8,0,0,241,48.2,259,"Yes",1281
"rilta_lta_m1_n_2500_tp_0.407_m_3_l_0.5","Model 1","N = 2500",2500,".200",0.407,3,".60, .30, .10","0.5",499,243,48.7,8,1.6,0,0,246,49.3,253,"Yes",1312
"rilta_lta_m1_n_2500_tp_0.407_m_3_l_0.7","Model 1","N = 2500",2500,".200",0.407,3,".60, .30, .10","0.7",500,253,50.6,20,4,1,0.2,263,52.6,237,"Yes",1429
"rilta_lta_m1_n_2500_tp_0.407_m_3_l_0.9","Model 1","N = 2500",2500,".200",0.407,3,".60, .30, .10","0.9",492,265,53.9,48,9.8,0,0,288,58.5,204,"Yes",1669
"rilta_lta_m1_n_2500_tp_0.407_m_3_l_a","Model 1","N = 2500",2500,".200",0.407,3,".60, .30, .10","A",500,238,47.6,145,29,13,2.6,311,62.2,189,"Yes",1921
"rilta_lta_m1_n_2500_tp_0.407_m_3_l_b","Model 1","N = 2500",2500,".200",0.407,3,".60, .30, .10","B",500,223,44.6,8,1.6,0,0,226,45.2,274,"Yes",1197
"rilta_lta_m1_n_2500_tp_0.407_m_3_l_c","Model 1","N = 2500",2500,".200",0.407,3,".60, .30, .10","C",500,211,42.2,16,3.2,0,0,218,43.6,282,"Yes",1157
"rilta_lta_m1_n_2500_tp_0.407_m_3_l_d","Model 1","N = 2500",2500,".200",0.407,3,".60, .30, .10","D",499,230,46.1,20,4,2,0.4,242,48.5,257,"Yes",1288
"rilta_lta_m2_n_2500_tp_0.407_m_1_l_0.3","Model 2","N = 2500",2500,".200",0.407,1,".10, .30, .60","0.3",500,19,3.8,0,0,0,0,19,3.8,481,"Yes",642
"rilta_lta_m2_n_2500_tp_0.407_m_1_l_0.5","Model 2","N = 2500",2500,".200",0.407,1,".10, .30, .60","0.5",499,24,4.8,0,0,1,0.2,25,5,474,"Yes",650
"rilta_lta_m2_n_2500_tp_0.407_m_1_l_0.7","Model 2","N = 2500",2500,".200",0.407,1,".10, .30, .60","0.7",500,32,6.4,0,0,0,0,32,6.4,468,"Yes",661
"rilta_lta_m2_n_2500_tp_0.407_m_1_l_0.9","Model 2","N = 2500",2500,".200",0.407,1,".10, .30, .60","0.9",500,35,7,0,0,3,0.6,38,7.6,462,"Yes",670
"rilta_lta_m2_n_2500_tp_0.407_m_1_l_a","Model 2","N = 2500",2500,".200",0.407,1,".10, .30, .60","A",500,19,3.8,0,0,1,0.2,20,4,480,"Yes",644
"rilta_lta_m2_n_2500_tp_0.407_m_1_l_b","Model 2","N = 2500",2500,".200",0.407,1,".10, .30, .60","B",499,30,6,0,0,0,0,30,6,469,"Yes",657
"rilta_lta_m2_n_2500_tp_0.407_m_1_l_c","Model 2","N = 2500",2500,".200",0.407,1,".10, .30, .60","C",500,38,7.6,0,0,0,0,38,7.6,462,"Yes",670
"rilta_lta_m2_n_2500_tp_0.407_m_1_l_d","Model 2","N = 2500",2500,".200",0.407,1,".10, .30, .60","D",499,23,4.6,0,0,0,0,23,4.6,476,"Yes",647
"rilta_lta_m2_n_2500_tp_0.407_m_2_l_0.3","Model 2","N = 2500",2500,".200",0.407,2,".33, .33, .33","0.3",500,46,9.2,0,0,0,0,46,9.2,454,"Yes",682
"rilta_lta_m2_n_2500_tp_0.407_m_2_l_0.5","Model 2","N = 2500",2500,".200",0.407,2,".33, .33, .33","0.5",500,45,9,0,0,0,0,45,9,455,"Yes",680
"rilta_lta_m2_n_2500_tp_0.407_m_2_l_0.7","Model 2","N = 2500",2500,".200",0.407,2,".33, .33, .33","0.7",499,63,12.6,0,0,0,0,63,12.6,436,"Yes",709
"rilta_lta_m2_n_2500_tp_0.407_m_2_l_0.9","Model 2","N = 2500",2500,".200",0.407,2,".33, .33, .33","0.9",500,78,15.6,0,0,0,0,78,15.6,422,"Yes",737
"rilta_lta_m2_n_2500_tp_0.407_m_2_l_a","Model 2","N = 2500",2500,".200",0.407,2,".33, .33, .33","A",497,50,10.1,0,0,1,0.2,51,10.3,446,"Yes",687
"rilta_lta_m2_n_2500_tp_0.407_m_2_l_b","Model 2","N = 2500",2500,".200",0.407,2,".33, .33, .33","B",500,41,8.2,0,0,0,0,41,8.2,459,"Yes",674
"rilta_lta_m2_n_2500_tp_0.407_m_2_l_c","Model 2","N = 2500",2500,".200",0.407,2,".33, .33, .33","C",500,55,11,0,0,0,0,55,11,445,"Yes",697
"rilta_lta_m2_n_2500_tp_0.407_m_2_l_d","Model 2","N = 2500",2500,".200",0.407,2,".33, .33, .33","D",500,35,7,0,0,1,0.2,36,7.2,464,"Yes",667
"rilta_lta_m2_n_2500_tp_0.407_m_3_l_0.3","Model 2","N = 2500",2500,".200",0.407,3,".60, .30, .10","0.3",499,55,11,0,0,0,0,55,11,444,"Yes",695
"rilta_lta_m2_n_2500_tp_0.407_m_3_l_0.5","Model 2","N = 2500",2500,".200",0.407,3,".60, .30, .10","0.5",500,48,9.6,0,0,0,0,48,9.6,452,"Yes",685
"rilta_lta_m2_n_2500_tp_0.407_m_3_l_0.7","Model 2","N = 2500",2500,".200",0.407,3,".60, .30, .10","0.7",500,46,9.2,0,0,0,0,46,9.2,454,"Yes",682
"rilta_lta_m2_n_2500_tp_0.407_m_3_l_0.9","Model 2","N = 2500",2500,".200",0.407,3,".60, .30, .10","0.9",500,48,9.6,0,0,0,0,48,9.6,452,"Yes",685
"rilta_lta_m2_n_2500_tp_0.407_m_3_l_a","Model 2","N = 2500",2500,".200",0.407,3,".60, .30, .10","A",499,49,9.8,0,0,0,0,49,9.8,450,"Yes",686
"rilta_lta_m2_n_2500_tp_0.407_m_3_l_b","Model 2","N = 2500",2500,".200",0.407,3,".60, .30, .10","B",499,45,9,0,0,0,0,45,9,454,"Yes",679
"rilta_lta_m2_n_2500_tp_0.407_m_3_l_c","Model 2","N = 2500",2500,".200",0.407,3,".60, .30, .10","C",498,45,9,0,0,1,0.2,45,9,453,"Yes",678
"rilta_lta_m2_n_2500_tp_0.407_m_3_l_d","Model 2","N = 2500",2500,".200",0.407,3,".60, .30, .10","D",499,59,11.8,0,0,0,0,59,11.8,440,"Yes",702
"rilta_lta_m3_n_2500_tp_0.407_m_1_l_0.3","Model 3","N = 2500",2500,".200",0.407,1,".10, .30, .60","0.3",500,69,13.8,0,0,0,0,69,13.8,431,"Yes",720
"rilta_lta_m3_n_2500_tp_0.407_m_1_l_0.5","Model 3","N = 2500",2500,".200",0.407,1,".10, .30, .60","0.5",500,91,18.2,0,0,0,0,91,18.2,409,"Yes",762
"rilta_lta_m3_n_2500_tp_0.407_m_1_l_0.7","Model 3","N = 2500",2500,".200",0.407,1,".10, .30, .60","0.7",500,118,23.6,0,0,0,0,118,23.6,382,"Yes",820
"rilta_lta_m3_n_2500_tp_0.407_m_1_l_0.9","Model 3","N = 2500",2500,".200",0.407,1,".10, .30, .60","0.9",500,197,39.4,0,0,1,0.2,198,39.6,302,"Yes",1068
"rilta_lta_m3_n_2500_tp_0.407_m_1_l_a","Model 3","N = 2500",2500,".200",0.407,1,".10, .30, .60","A",500,110,22,0,0,0,0,110,22,390,"Yes",802
"rilta_lta_m3_n_2500_tp_0.407_m_1_l_b","Model 3","N = 2500",2500,".200",0.407,1,".10, .30, .60","B",500,112,22.4,0,0,0,0,112,22.4,388,"Yes",806
"rilta_lta_m3_n_2500_tp_0.407_m_1_l_c","Model 3","N = 2500",2500,".200",0.407,1,".10, .30, .60","C",499,110,22,0,0,0,0,110,22,389,"Yes",800
"rilta_lta_m3_n_2500_tp_0.407_m_1_l_d","Model 3","N = 2500",2500,".200",0.407,1,".10, .30, .60","D",500,107,21.4,0,0,0,0,107,21.4,393,"Yes",795
"rilta_lta_m3_n_2500_tp_0.407_m_2_l_0.3","Model 3","N = 2500",2500,".200",0.407,2,".33, .33, .33","0.3",500,131,26.2,0,0,0,0,131,26.2,369,"Yes",852
"rilta_lta_m3_n_2500_tp_0.407_m_2_l_0.5","Model 3","N = 2500",2500,".200",0.407,2,".33, .33, .33","0.5",500,140,28,0,0,0,0,140,28,360,"Yes",875
"rilta_lta_m3_n_2500_tp_0.407_m_2_l_0.7","Model 3","N = 2500",2500,".200",0.407,2,".33, .33, .33","0.7",500,146,29.2,0,0,1,0.2,147,29.4,353,"Yes",894
"rilta_lta_m3_n_2500_tp_0.407_m_2_l_0.9","Model 3","N = 2500",2500,".200",0.407,2,".33, .33, .33","0.9",500,186,37.2,0,0,0,0,186,37.2,314,"Yes",1021
"rilta_lta_m3_n_2500_tp_0.407_m_2_l_a","Model 3","N = 2500",2500,".200",0.407,2,".33, .33, .33","A",500,165,33,0,0,0,0,165,33,335,"Yes",948
"rilta_lta_m3_n_2500_tp_0.407_m_2_l_b","Model 3","N = 2500",2500,".200",0.407,2,".33, .33, .33","B",500,134,26.8,0,0,0,0,134,26.8,366,"Yes",859
"rilta_lta_m3_n_2500_tp_0.407_m_2_l_c","Model 3","N = 2500",2500,".200",0.407,2,".33, .33, .33","C",500,139,27.8,0,0,1,0.2,140,28,360,"Yes",875
"rilta_lta_m3_n_2500_tp_0.407_m_2_l_d","Model 3","N = 2500",2500,".200",0.407,2,".33, .33, .33","D",500,108,21.6,0,0,0,0,108,21.6,392,"Yes",797
"rilta_lta_m3_n_2500_tp_0.407_m_3_l_0.3","Model 3","N = 2500",2500,".200",0.407,3,".60, .30, .10","0.3",499,101,20.2,0,0,0,0,101,20.2,398,"Yes",781
"rilta_lta_m3_n_2500_tp_0.407_m_3_l_0.5","Model 3","N = 2500",2500,".200",0.407,3,".60, .30, .10","0.5",500,135,27,0,0,0,0,135,27,365,"Yes",862
"rilta_lta_m3_n_2500_tp_0.407_m_3_l_0.7","Model 3","N = 2500",2500,".200",0.407,3,".60, .30, .10","0.7",500,138,27.6,0,0,0,0,138,27.6,362,"Yes",870
"rilta_lta_m3_n_2500_tp_0.407_m_3_l_0.9","Model 3","N = 2500",2500,".200",0.407,3,".60, .30, .10","0.9",500,141,28.2,0,0,0,0,141,28.2,359,"Yes",878
"rilta_lta_m3_n_2500_tp_0.407_m_3_l_a","Model 3","N = 2500",2500,".200",0.407,3,".60, .30, .10","A",500,115,23,0,0,0,0,115,23,385,"Yes",813
"rilta_lta_m3_n_2500_tp_0.407_m_3_l_b","Model 3","N = 2500",2500,".200",0.407,3,".60, .30, .10","B",500,124,24.8,0,0,0,0,124,24.8,376,"Yes",834
"rilta_lta_m3_n_2500_tp_0.407_m_3_l_c","Model 3","N = 2500",2500,".200",0.407,3,".60, .30, .10","C",500,102,20.4,0,0,0,0,102,20.4,398,"Yes",784
"rilta_lta_m3_n_2500_tp_0.407_m_3_l_d","Model 3","N = 2500",2500,".200",0.407,3,".60, .30, .10","D",499,94,18.8,0,0,1,0.2,95,19,404,"Yes",768
"rilta_lta_m1_n_2500_tp_3.179_m_1_l_0.3","Model 1","N = 2500",2500,".800",3.179,1,".10, .30, .60","0.3",499,267,53.5,25,5,0,0,279,55.9,220,"Yes",1563
"rilta_lta_m1_n_2500_tp_3.179_m_1_l_0.5","Model 1","N = 2500",2500,".800",3.179,1,".10, .30, .60","0.5",500,292,58.4,33,6.6,1,0.2,307,61.4,193,"Yes",1867
"rilta_lta_m1_n_2500_tp_3.179_m_1_l_0.7","Model 1","N = 2500",2500,".800",3.179,1,".10, .30, .60","0.7",499,263,52.7,73,14.6,0,0,309,61.9,190,"Yes",1897
"rilta_lta_m1_n_2500_tp_3.179_m_1_l_0.9","Model 1","N = 2500",2500,".800",3.179,1,".10, .30, .60","0.9",500,330,66,106,21.2,4,0.8,374,74.8,126,"Yes",3577
"rilta_lta_m1_n_2500_tp_3.179_m_1_l_a","Model 1","N = 2500",2500,".800",3.179,1,".10, .30, .60","A",500,193,38.6,125,25,21,4.2,290,58,210,"Yes",1668
"rilta_lta_m1_n_2500_tp_3.179_m_1_l_b","Model 1","N = 2500",2500,".800",3.179,1,".10, .30, .60","B",500,258,51.6,15,3,0,0,266,53.2,234,"Yes",1452
"rilta_lta_m1_n_2500_tp_3.179_m_1_l_c","Model 1","N = 2500",2500,".800",3.179,1,".10, .30, .60","C",500,250,50,18,3.6,0,0,261,52.2,239,"Yes",1414
"rilta_lta_m1_n_2500_tp_3.179_m_1_l_d","Model 1","N = 2500",2500,".800",3.179,1,".10, .30, .60","D",500,266,53.2,15,3,0,0,274,54.8,226,"Yes",1517
"rilta_lta_m1_n_2500_tp_3.179_m_2_l_0.3","Model 1","N = 2500",2500,".800",3.179,2,".33, .33, .33","0.3",500,308,61.6,3,0.6,1,0.2,309,61.8,191,"Yes",1894
"rilta_lta_m1_n_2500_tp_3.179_m_2_l_0.5","Model 1","N = 2500",2500,".800",3.179,2,".33, .33, .33","0.5",500,301,60.2,5,1,0,0,306,61.2,194,"Yes",1854
"rilta_lta_m1_n_2500_tp_3.179_m_2_l_0.7","Model 1","N = 2500",2500,".800",3.179,2,".33, .33, .33","0.7",500,308,61.6,11,2.2,2,0.4,311,62.2,189,"Yes",1921
"rilta_lta_m1_n_2500_tp_3.179_m_2_l_0.9","Model 1","N = 2500",2500,".800",3.179,2,".33, .33, .33","0.9",498,325,65.3,55,11,2,0.4,343,68.9,155,"Yes",2533
"rilta_lta_m1_n_2500_tp_3.179_m_2_l_a","Model 1","N = 2500",2500,".800",3.179,2,".33, .33, .33","A",500,248,49.6,98,19.6,14,2.8,300,60,200,"Yes",1780
"rilta_lta_m1_n_2500_tp_3.179_m_2_l_b","Model 1","N = 2500",2500,".800",3.179,2,".33, .33, .33","B",500,307,61.4,1,0.2,0,0,308,61.6,192,"Yes",1880
"rilta_lta_m1_n_2500_tp_3.179_m_2_l_c","Model 1","N = 2500",2500,".800",3.179,2,".33, .33, .33","C",500,292,58.4,3,0.6,0,0,292,58.4,208,"Yes",1689
"rilta_lta_m1_n_2500_tp_3.179_m_2_l_d","Model 1","N = 2500",2500,".800",3.179,2,".33, .33, .33","D",500,296,59.2,3,0.6,2,0.4,299,59.8,201,"Yes",1768
"rilta_lta_m1_n_2500_tp_3.179_m_3_l_0.3","Model 1","N = 2500",2500,".800",3.179,3,".60, .30, .10","0.3",500,243,48.6,12,2.4,0,0,248,49.6,252,"Yes",1325
"rilta_lta_m1_n_2500_tp_3.179_m_3_l_0.5","Model 1","N = 2500",2500,".800",3.179,3,".60, .30, .10","0.5",500,269,53.8,14,2.8,0,0,278,55.6,222,"Yes",1553
"rilta_lta_m1_n_2500_tp_3.179_m_3_l_0.7","Model 1","N = 2500",2500,".800",3.179,3,".60, .30, .10","0.7",497,243,48.9,36,7.2,1,0.2,263,52.9,234,"Yes",1432
"rilta_lta_m1_n_2500_tp_3.179_m_3_l_0.9","Model 1","N = 2500",2500,".800",3.179,3,".60, .30, .10","0.9",488,303,62.1,84,17.2,3,0.6,326,66.8,162,"Yes",2254
"rilta_lta_m1_n_2500_tp_3.179_m_3_l_a","Model 1","N = 2500",2500,".800",3.179,3,".60, .30, .10","A",500,291,58.2,198,39.6,4,0.8,372,74.4,128,"Yes",3480
"rilta_lta_m1_n_2500_tp_3.179_m_3_l_b","Model 1","N = 2500",2500,".800",3.179,3,".60, .30, .10","B",500,234,46.8,15,3,1,0.2,241,48.2,259,"Yes",1281
"rilta_lta_m1_n_2500_tp_3.179_m_3_l_c","Model 1","N = 2500",2500,".800",3.179,3,".60, .30, .10","C",500,222,44.4,20,4,2,0.4,239,47.8,261,"Yes",1269
"rilta_lta_m1_n_2500_tp_3.179_m_3_l_d","Model 1","N = 2500",2500,".800",3.179,3,".60, .30, .10","D",500,216,43.2,20,4,2,0.4,230,46,270,"Yes",1218
"rilta_lta_m2_n_2500_tp_3.179_m_1_l_0.3","Model 2","N = 2500",2500,".800",3.179,1,".10, .30, .60","0.3",499,48,9.6,0,0,0,0,48,9.6,451,"Yes",684
"rilta_lta_m2_n_2500_tp_3.179_m_1_l_0.5","Model 2","N = 2500",2500,".800",3.179,1,".10, .30, .60","0.5",499,36,7.2,0,0,0,0,36,7.2,463,"Yes",666
"rilta_lta_m2_n_2500_tp_3.179_m_1_l_0.7","Model 2","N = 2500",2500,".800",3.179,1,".10, .30, .60","0.7",500,57,11.4,2,0.4,0,0,59,11.8,441,"Yes",703
"rilta_lta_m2_n_2500_tp_3.179_m_1_l_0.9","Model 2","N = 2500",2500,".800",3.179,1,".10, .30, .60","0.9",500,48,9.6,1,0.2,0,0,49,9.8,451,"Yes",687
"rilta_lta_m2_n_2500_tp_3.179_m_1_l_a","Model 2","N = 2500",2500,".800",3.179,1,".10, .30, .60","A",498,40,8,0,0,0,0,40,8,458,"Yes",670
"rilta_lta_m2_n_2500_tp_3.179_m_1_l_b","Model 2","N = 2500",2500,".800",3.179,1,".10, .30, .60","B",499,36,7.2,0,0,0,0,36,7.2,463,"Yes",666
"rilta_lta_m2_n_2500_tp_3.179_m_1_l_c","Model 2","N = 2500",2500,".800",3.179,1,".10, .30, .60","C",500,44,8.8,2,0.4,0,0,44,8.8,456,"Yes",679
"rilta_lta_m2_n_2500_tp_3.179_m_1_l_d","Model 2","N = 2500",2500,".800",3.179,1,".10, .30, .60","D",500,61,12.2,3,0.6,0,0,64,12.8,436,"Yes",712
"rilta_lta_m2_n_2500_tp_3.179_m_2_l_0.3","Model 2","N = 2500",2500,".800",3.179,2,".33, .33, .33","0.3",500,98,19.6,0,0,0,0,98,19.6,402,"Yes",776
"rilta_lta_m2_n_2500_tp_3.179_m_2_l_0.5","Model 2","N = 2500",2500,".800",3.179,2,".33, .33, .33","0.5",500,112,22.4,0,0,0,0,112,22.4,388,"Yes",806
"rilta_lta_m2_n_2500_tp_3.179_m_2_l_0.7","Model 2","N = 2500",2500,".800",3.179,2,".33, .33, .33","0.7",500,117,23.4,0,0,0,0,117,23.4,383,"Yes",818
"rilta_lta_m2_n_2500_tp_3.179_m_2_l_0.9","Model 2","N = 2500",2500,".800",3.179,2,".33, .33, .33","0.9",499,150,30.1,0,0,0,0,150,30.1,349,"Yes",903
"rilta_lta_m2_n_2500_tp_3.179_m_2_l_a","Model 2","N = 2500",2500,".800",3.179,2,".33, .33, .33","A",499,89,17.8,0,0,0,0,89,17.8,410,"Yes",756
"rilta_lta_m2_n_2500_tp_3.179_m_2_l_b","Model 2","N = 2500",2500,".800",3.179,2,".33, .33, .33","B",500,101,20.2,0,0,0,0,101,20.2,399,"Yes",782
"rilta_lta_m2_n_2500_tp_3.179_m_2_l_c","Model 2","N = 2500",2500,".800",3.179,2,".33, .33, .33","C",500,108,21.6,0,0,0,0,108,21.6,392,"Yes",797
"rilta_lta_m2_n_2500_tp_3.179_m_2_l_d","Model 2","N = 2500",2500,".800",3.179,2,".33, .33, .33","D",499,110,22,0,0,0,0,110,22,389,"Yes",800
"rilta_lta_m2_n_2500_tp_3.179_m_3_l_0.3","Model 2","N = 2500",2500,".800",3.179,3,".60, .30, .10","0.3",499,71,14.2,0,0,0,0,71,14.2,428,"Yes",723
"rilta_lta_m2_n_2500_tp_3.179_m_3_l_0.5","Model 2","N = 2500",2500,".800",3.179,3,".60, .30, .10","0.5",500,77,15.4,0,0,0,0,77,15.4,423,"Yes",735
"rilta_lta_m2_n_2500_tp_3.179_m_3_l_0.7","Model 2","N = 2500",2500,".800",3.179,3,".60, .30, .10","0.7",500,89,17.8,0,0,0,0,89,17.8,411,"Yes",758
"rilta_lta_m2_n_2500_tp_3.179_m_3_l_0.9","Model 2","N = 2500",2500,".800",3.179,3,".60, .30, .10","0.9",498,110,22.1,0,0,0,0,110,22.1,388,"Yes",800
"rilta_lta_m2_n_2500_tp_3.179_m_3_l_a","Model 2","N = 2500",2500,".800",3.179,3,".60, .30, .10","A",499,78,15.6,0,0,0,0,78,15.6,421,"Yes",735
"rilta_lta_m2_n_2500_tp_3.179_m_3_l_b","Model 2","N = 2500",2500,".800",3.179,3,".60, .30, .10","B",500,71,14.2,1,0.2,0,0,72,14.4,428,"Yes",726
"rilta_lta_m2_n_2500_tp_3.179_m_3_l_c","Model 2","N = 2500",2500,".800",3.179,3,".60, .30, .10","C",500,74,14.8,0,0,0,0,74,14.8,426,"Yes",729
"rilta_lta_m2_n_2500_tp_3.179_m_3_l_d","Model 2","N = 2500",2500,".800",3.179,3,".60, .30, .10","D",498,61,12.2,0,0,0,0,61,12.2,437,"Yes",704
"rilta_lta_m3_n_2500_tp_3.179_m_1_l_0.3","Model 3","N = 2500",2500,".800",3.179,1,".10, .30, .60","0.3",500,121,24.2,12,2.4,0,0,130,26,370,"Yes",849
"rilta_lta_m3_n_2500_tp_3.179_m_1_l_0.5","Model 3","N = 2500",2500,".800",3.179,1,".10, .30, .60","0.5",500,104,20.8,10,2,0,0,113,22.6,387,"Yes",809
"rilta_lta_m3_n_2500_tp_3.179_m_1_l_0.7","Model 3","N = 2500",2500,".800",3.179,1,".10, .30, .60","0.7",500,126,25.2,4,0.8,0,0,129,25.8,371,"Yes",847
"rilta_lta_m3_n_2500_tp_3.179_m_1_l_0.9","Model 3","N = 2500",2500,".800",3.179,1,".10, .30, .60","0.9",500,168,33.6,0,0,0,0,168,33.6,332,"Yes",958
"rilta_lta_m3_n_2500_tp_3.179_m_1_l_a","Model 3","N = 2500",2500,".800",3.179,1,".10, .30, .60","A",500,125,25,5,1,0,0,129,25.8,371,"Yes",847
"rilta_lta_m3_n_2500_tp_3.179_m_1_l_b","Model 3","N = 2500",2500,".800",3.179,1,".10, .30, .60","B",499,92,18.4,14,2.8,0,0,105,21,394,"Yes",789
"rilta_lta_m3_n_2500_tp_3.179_m_1_l_c","Model 3","N = 2500",2500,".800",3.179,1,".10, .30, .60","C",499,90,18,36,7.2,0,0,121,24.2,378,"Yes",826
"rilta_lta_m3_n_2500_tp_3.179_m_1_l_d","Model 3","N = 2500",2500,".800",3.179,1,".10, .30, .60","D",500,100,20,51,10.2,0,0,138,27.6,362,"Yes",870
"rilta_lta_m3_n_2500_tp_3.179_m_2_l_0.3","Model 3","N = 2500",2500,".800",3.179,2,".33, .33, .33","0.3",500,159,31.8,0,0,0,0,159,31.8,341,"Yes",930
"rilta_lta_m3_n_2500_tp_3.179_m_2_l_0.5","Model 3","N = 2500",2500,".800",3.179,2,".33, .33, .33","0.5",500,177,35.4,0,0,0,0,177,35.4,323,"Yes",988
"rilta_lta_m3_n_2500_tp_3.179_m_2_l_0.7","Model 3","N = 2500",2500,".800",3.179,2,".33, .33, .33","0.7",500,179,35.8,0,0,0,0,179,35.8,321,"Yes",995
"rilta_lta_m3_n_2500_tp_3.179_m_2_l_0.9","Model 3","N = 2500",2500,".800",3.179,2,".33, .33, .33","0.9",500,190,38,0,0,0,0,190,38,310,"Yes",1036
"rilta_lta_m3_n_2500_tp_3.179_m_2_l_a","Model 3","N = 2500",2500,".800",3.179,2,".33, .33, .33","A",500,162,32.4,0,0,0,0,162,32.4,338,"Yes",939
"rilta_lta_m3_n_2500_tp_3.179_m_2_l_b","Model 3","N = 2500",2500,".800",3.179,2,".33, .33, .33","B",500,149,29.8,0,0,0,0,149,29.8,351,"Yes",900
"rilta_lta_m3_n_2500_tp_3.179_m_2_l_c","Model 3","N = 2500",2500,".800",3.179,2,".33, .33, .33","C",500,125,25,1,0.2,0,0,126,25.2,374,"Yes",839
"rilta_lta_m3_n_2500_tp_3.179_m_2_l_d","Model 3","N = 2500",2500,".800",3.179,2,".33, .33, .33","D",500,150,30,12,2.4,1,0.2,158,31.6,342,"Yes",927
"rilta_lta_m3_n_2500_tp_3.179_m_3_l_0.3","Model 3","N = 2500",2500,".800",3.179,3,".60, .30, .10","0.3",500,135,27,0,0,0,0,135,27,365,"Yes",862
"rilta_lta_m3_n_2500_tp_3.179_m_3_l_0.5","Model 3","N = 2500",2500,".800",3.179,3,".60, .30, .10","0.5",500,141,28.2,0,0,0,0,141,28.2,359,"Yes",878
"rilta_lta_m3_n_2500_tp_3.179_m_3_l_0.7","Model 3","N = 2500",2500,".800",3.179,3,".60, .30, .10","0.7",500,155,31,0,0,0,0,155,31,345,"Yes",918
"rilta_lta_m3_n_2500_tp_3.179_m_3_l_0.9","Model 3","N = 2500",2500,".800",3.179,3,".60, .30, .10","0.9",500,152,30.4,0,0,0,0,152,30.4,348,"Yes",909
"rilta_lta_m3_n_2500_tp_3.179_m_3_l_a","Model 3","N = 2500",2500,".800",3.179,3,".60, .30, .10","A",499,115,23,0,0,0,0,115,23,384,"Yes",812
"rilta_lta_m3_n_2500_tp_3.179_m_3_l_b","Model 3","N = 2500",2500,".800",3.179,3,".60, .30, .10","B",500,103,20.6,0,0,0,0,103,20.6,397,"Yes",786
"rilta_lta_m3_n_2500_tp_3.179_m_3_l_c","Model 3","N = 2500",2500,".800",3.179,3,".60, .30, .10","C",499,101,20.2,0,0,0,0,101,20.2,398,"Yes",781
"rilta_lta_m3_n_2500_tp_3.179_m_3_l_d","Model 3","N = 2500",2500,".800",3.179,3,".60, .30, .10","D",500,101,20.2,3,0.6,1,0.2,104,20.8,396,"Yes",789
"rilta_lta_m1_n_5000_tp_0.407_m_1_l_0.3","Model 1","N = 5000",5000,".200",0.407,1,".10, .30, .60","0.3",500,239,47.8,0,0,0,0,239,47.8,261,"Yes",1269
"rilta_lta_m1_n_5000_tp_0.407_m_1_l_0.5","Model 1","N = 5000",5000,".200",0.407,1,".10, .30, .60","0.5",500,232,46.4,0,0,0,0,232,46.4,268,"Yes",1229
"rilta_lta_m1_n_5000_tp_0.407_m_1_l_0.7","Model 1","N = 5000",5000,".200",0.407,1,".10, .30, .60","0.7",500,259,51.8,2,0.4,0,0,260,52,240,"Yes",1407
"rilta_lta_m1_n_5000_tp_0.407_m_1_l_0.9","Model 1","N = 5000",5000,".200",0.407,1,".10, .30, .60","0.9",499,271,54.3,20,4,2,0.4,281,56.3,218,"Yes",1581
"rilta_lta_m1_n_5000_tp_0.407_m_1_l_a","Model 1","N = 5000",5000,".200",0.407,1,".10, .30, .60","A",500,196,39.2,50,10,17,3.4,240,48,260,"Yes",1275
"rilta_lta_m1_n_5000_tp_0.407_m_1_l_b","Model 1","N = 5000",5000,".200",0.407,1,".10, .30, .60","B",500,247,49.4,0,0,0,0,247,49.4,253,"Yes",1318
"rilta_lta_m1_n_5000_tp_0.407_m_1_l_c","Model 1","N = 5000",5000,".200",0.407,1,".10, .30, .60","C",500,265,53,0,0,0,0,265,53,235,"Yes",1444
"rilta_lta_m1_n_5000_tp_0.407_m_1_l_d","Model 1","N = 5000",5000,".200",0.407,1,".10, .30, .60","D",500,237,47.4,0,0,1,0.2,237,47.4,263,"Yes",1257
"rilta_lta_m1_n_5000_tp_0.407_m_2_l_0.3","Model 1","N = 5000",5000,".200",0.407,2,".33, .33, .33","0.3",500,249,49.8,0,0,0,0,249,49.8,251,"Yes",1331
"rilta_lta_m1_n_5000_tp_0.407_m_2_l_0.5","Model 1","N = 5000",5000,".200",0.407,2,".33, .33, .33","0.5",500,260,52,0,0,0,0,260,52,240,"Yes",1407
"rilta_lta_m1_n_5000_tp_0.407_m_2_l_0.7","Model 1","N = 5000",5000,".200",0.407,2,".33, .33, .33","0.7",500,277,55.4,0,0,0,0,277,55.4,223,"Yes",1544
"rilta_lta_m1_n_5000_tp_0.407_m_2_l_0.9","Model 1","N = 5000",5000,".200",0.407,2,".33, .33, .33","0.9",500,243,48.6,0,0,0,0,243,48.6,257,"Yes",1293
"rilta_lta_m1_n_5000_tp_0.407_m_2_l_a","Model 1","N = 5000",5000,".200",0.407,2,".33, .33, .33","A",500,246,49.2,69,13.8,26,5.2,296,59.2,204,"Yes",1733
"rilta_lta_m1_n_5000_tp_0.407_m_2_l_b","Model 1","N = 5000",5000,".200",0.407,2,".33, .33, .33","B",500,255,51,0,0,0,0,255,51,245,"Yes",1371
"rilta_lta_m1_n_5000_tp_0.407_m_2_l_c","Model 1","N = 5000",5000,".200",0.407,2,".33, .33, .33","C",500,275,55,0,0,0,0,275,55,225,"Yes",1526
"rilta_lta_m1_n_5000_tp_0.407_m_2_l_d","Model 1","N = 5000",5000,".200",0.407,2,".33, .33, .33","D",500,280,56,0,0,0,0,280,56,220,"Yes",1571
"rilta_lta_m1_n_5000_tp_0.407_m_3_l_0.3","Model 1","N = 5000",5000,".200",0.407,3,".60, .30, .10","0.3",500,238,47.6,0,0,0,0,238,47.6,262,"Yes",1263
"rilta_lta_m1_n_5000_tp_0.407_m_3_l_0.5","Model 1","N = 5000",5000,".200",0.407,3,".60, .30, .10","0.5",500,259,51.8,4,0.8,0,0,261,52.2,239,"Yes",1414
"rilta_lta_m1_n_5000_tp_0.407_m_3_l_0.7","Model 1","N = 5000",5000,".200",0.407,3,".60, .30, .10","0.7",499,249,49.9,5,1,0,0,252,50.5,247,"Yes",1352
"rilta_lta_m1_n_5000_tp_0.407_m_3_l_0.9","Model 1","N = 5000",5000,".200",0.407,3,".60, .30, .10","0.9",493,245,49.7,20,4.1,2,0.4,257,52.1,236,"Yes",1392
"rilta_lta_m1_n_5000_tp_0.407_m_3_l_a","Model 1","N = 5000",5000,".200",0.407,3,".60, .30, .10","A",500,206,41.2,98,19.6,12,2.4,262,52.4,238,"Yes",1422
"rilta_lta_m1_n_5000_tp_0.407_m_3_l_b","Model 1","N = 5000",5000,".200",0.407,3,".60, .30, .10","B",500,242,48.4,1,0.2,0,0,242,48.4,258,"Yes",1287
"rilta_lta_m1_n_5000_tp_0.407_m_3_l_c","Model 1","N = 5000",5000,".200",0.407,3,".60, .30, .10","C",500,241,48.2,2,0.4,0,0,241,48.2,259,"Yes",1281
"rilta_lta_m1_n_5000_tp_0.407_m_3_l_d","Model 1","N = 5000",5000,".200",0.407,3,".60, .30, .10","D",499,218,43.7,0,0,0,0,218,43.7,281,"Yes",1157
"rilta_lta_m2_n_5000_tp_0.407_m_1_l_0.3","Model 2","N = 5000",5000,".200",0.407,1,".10, .30, .60","0.3",500,36,7.2,0,0,0,0,36,7.2,464,"Yes",667
"rilta_lta_m2_n_5000_tp_0.407_m_1_l_0.5","Model 2","N = 5000",5000,".200",0.407,1,".10, .30, .60","0.5",499,33,6.6,0,0,0,0,33,6.6,466,"Yes",661
"rilta_lta_m2_n_5000_tp_0.407_m_1_l_0.7","Model 2","N = 5000",5000,".200",0.407,1,".10, .30, .60","0.7",500,21,4.2,0,0,0,0,21,4.2,479,"Yes",645
"rilta_lta_m2_n_5000_tp_0.407_m_1_l_0.9","Model 2","N = 5000",5000,".200",0.407,1,".10, .30, .60","0.9",500,33,6.6,0,0,0,0,33,6.6,467,"Yes",662
"rilta_lta_m2_n_5000_tp_0.407_m_1_l_a","Model 2","N = 5000",5000,".200",0.407,1,".10, .30, .60","A",499,32,6.4,0,0,0,0,32,6.4,467,"Yes",660
"rilta_lta_m2_n_5000_tp_0.407_m_1_l_b","Model 2","N = 5000",5000,".200",0.407,1,".10, .30, .60","B",500,28,5.6,0,0,0,0,28,5.6,472,"Yes",655
"rilta_lta_m2_n_5000_tp_0.407_m_1_l_c","Model 2","N = 5000",5000,".200",0.407,1,".10, .30, .60","C",499,35,7,0,0,0,0,35,7,464,"Yes",664
"rilta_lta_m2_n_5000_tp_0.407_m_1_l_d","Model 2","N = 5000",5000,".200",0.407,1,".10, .30, .60","D",500,40,8,0,0,0,0,40,8,460,"Yes",673
"rilta_lta_m2_n_5000_tp_0.407_m_2_l_0.3","Model 2","N = 5000",5000,".200",0.407,2,".33, .33, .33","0.3",500,50,10,0,0,0,0,50,10,450,"Yes",688
"rilta_lta_m2_n_5000_tp_0.407_m_2_l_0.5","Model 2","N = 5000",5000,".200",0.407,2,".33, .33, .33","0.5",500,63,12.6,0,0,0,0,63,12.6,437,"Yes",710
"rilta_lta_m2_n_5000_tp_0.407_m_2_l_0.7","Model 2","N = 5000",5000,".200",0.407,2,".33, .33, .33","0.7",500,70,14,0,0,0,0,70,14,430,"Yes",722
"rilta_lta_m2_n_5000_tp_0.407_m_2_l_0.9","Model 2","N = 5000",5000,".200",0.407,2,".33, .33, .33","0.9",500,83,16.6,0,0,1,0.2,84,16.8,416,"Yes",748
"rilta_lta_m2_n_5000_tp_0.407_m_2_l_a","Model 2","N = 5000",5000,".200",0.407,2,".33, .33, .33","A",500,46,9.2,0,0,0,0,46,9.2,454,"Yes",682
"rilta_lta_m2_n_5000_tp_0.407_m_2_l_b","Model 2","N = 5000",5000,".200",0.407,2,".33, .33, .33","B",500,40,8,0,0,0,0,40,8,460,"Yes",673
"rilta_lta_m2_n_5000_tp_0.407_m_2_l_c","Model 2","N = 5000",5000,".200",0.407,2,".33, .33, .33","C",500,43,8.6,0,0,0,0,43,8.6,457,"Yes",677
"rilta_lta_m2_n_5000_tp_0.407_m_2_l_d","Model 2","N = 5000",5000,".200",0.407,2,".33, .33, .33","D",500,50,10,0,0,0,0,50,10,450,"Yes",688
"rilta_lta_m2_n_5000_tp_0.407_m_3_l_0.3","Model 2","N = 5000",5000,".200",0.407,3,".60, .30, .10","0.3",500,58,11.6,0,0,0,0,58,11.6,442,"Yes",701
"rilta_lta_m2_n_5000_tp_0.407_m_3_l_0.5","Model 2","N = 5000",5000,".200",0.407,3,".60, .30, .10","0.5",500,52,10.4,0,0,0,0,52,10.4,448,"Yes",692
"rilta_lta_m2_n_5000_tp_0.407_m_3_l_0.7","Model 2","N = 5000",5000,".200",0.407,3,".60, .30, .10","0.7",500,43,8.6,0,0,0,0,43,8.6,457,"Yes",677
"rilta_lta_m2_n_5000_tp_0.407_m_3_l_0.9","Model 2","N = 5000",5000,".200",0.407,3,".60, .30, .10","0.9",500,46,9.2,0,0,1,0.2,47,9.4,453,"Yes",684
"rilta_lta_m2_n_5000_tp_0.407_m_3_l_a","Model 2","N = 5000",5000,".200",0.407,3,".60, .30, .10","A",499,40,8,1,0.2,0,0,41,8.2,458,"Yes",673
"rilta_lta_m2_n_5000_tp_0.407_m_3_l_b","Model 2","N = 5000",5000,".200",0.407,3,".60, .30, .10","B",500,66,13.2,0,0,0,0,66,13.2,434,"Yes",715
"rilta_lta_m2_n_5000_tp_0.407_m_3_l_c","Model 2","N = 5000",5000,".200",0.407,3,".60, .30, .10","C",500,55,11,0,0,0,0,55,11,445,"Yes",697
"rilta_lta_m2_n_5000_tp_0.407_m_3_l_d","Model 2","N = 5000",5000,".200",0.407,3,".60, .30, .10","D",500,50,10,0,0,0,0,50,10,450,"Yes",688
"rilta_lta_m3_n_5000_tp_0.407_m_1_l_0.3","Model 3","N = 5000",5000,".200",0.407,1,".10, .30, .60","0.3",500,95,19,0,0,0,0,95,19,405,"Yes",770
"rilta_lta_m3_n_5000_tp_0.407_m_1_l_0.5","Model 3","N = 5000",5000,".200",0.407,1,".10, .30, .60","0.5",500,73,14.6,0,0,0,0,73,14.6,427,"Yes",728
"rilta_lta_m3_n_5000_tp_0.407_m_1_l_0.7","Model 3","N = 5000",5000,".200",0.407,1,".10, .30, .60","0.7",500,125,25,0,0,1,0.2,126,25.2,374,"Yes",839
"rilta_lta_m3_n_5000_tp_0.407_m_1_l_0.9","Model 3","N = 5000",5000,".200",0.407,1,".10, .30, .60","0.9",500,179,35.8,0,0,2,0.4,179,35.8,321,"Yes",995
"rilta_lta_m3_n_5000_tp_0.407_m_1_l_a","Model 3","N = 5000",5000,".200",0.407,1,".10, .30, .60","A",500,87,17.4,0,0,0,0,87,17.4,413,"Yes",754
"rilta_lta_m3_n_5000_tp_0.407_m_1_l_b","Model 3","N = 5000",5000,".200",0.407,1,".10, .30, .60","B",500,106,21.2,0,0,0,0,106,21.2,394,"Yes",793
"rilta_lta_m3_n_5000_tp_0.407_m_1_l_c","Model 3","N = 5000",5000,".200",0.407,1,".10, .30, .60","C",500,128,25.6,0,0,0,0,128,25.6,372,"Yes",844
"rilta_lta_m3_n_5000_tp_0.407_m_1_l_d","Model 3","N = 5000",5000,".200",0.407,1,".10, .30, .60","D",500,114,22.8,0,0,0,0,114,22.8,386,"Yes",811
"rilta_lta_m3_n_5000_tp_0.407_m_2_l_0.3","Model 3","N = 5000",5000,".200",0.407,2,".33, .33, .33","0.3",500,125,25,0,0,0,0,125,25,375,"Yes",837
"rilta_lta_m3_n_5000_tp_0.407_m_2_l_0.5","Model 3","N = 5000",5000,".200",0.407,2,".33, .33, .33","0.5",500,137,27.4,0,0,0,0,137,27.4,363,"Yes",867
"rilta_lta_m3_n_5000_tp_0.407_m_2_l_0.7","Model 3","N = 5000",5000,".200",0.407,2,".33, .33, .33","0.7",500,144,28.8,0,0,0,0,144,28.8,356,"Yes",886
"rilta_lta_m3_n_5000_tp_0.407_m_2_l_0.9","Model 3","N = 5000",5000,".200",0.407,2,".33, .33, .33","0.9",500,195,39,0,0,1,0.2,196,39.2,304,"Yes",1060
"rilta_lta_m3_n_5000_tp_0.407_m_2_l_a","Model 3","N = 5000",5000,".200",0.407,2,".33, .33, .33","A",500,130,26,0,0,0,0,130,26,370,"Yes",849
"rilta_lta_m3_n_5000_tp_0.407_m_2_l_b","Model 3","N = 5000",5000,".200",0.407,2,".33, .33, .33","B",500,131,26.2,0,0,0,0,131,26.2,369,"Yes",852
"rilta_lta_m3_n_5000_tp_0.407_m_2_l_c","Model 3","N = 5000",5000,".200",0.407,2,".33, .33, .33","C",500,134,26.8,0,0,1,0.2,134,26.8,366,"Yes",859
"rilta_lta_m3_n_5000_tp_0.407_m_2_l_d","Model 3","N = 5000",5000,".200",0.407,2,".33, .33, .33","D",500,124,24.8,0,0,1,0.2,125,25,375,"Yes",837
"rilta_lta_m3_n_5000_tp_0.407_m_3_l_0.3","Model 3","N = 5000",5000,".200",0.407,3,".60, .30, .10","0.3",500,133,26.6,0,0,0,0,133,26.6,367,"Yes",857
"rilta_lta_m3_n_5000_tp_0.407_m_3_l_0.5","Model 3","N = 5000",5000,".200",0.407,3,".60, .30, .10","0.5",500,145,29,0,0,0,0,145,29,355,"Yes",889
"rilta_lta_m3_n_5000_tp_0.407_m_3_l_0.7","Model 3","N = 5000",5000,".200",0.407,3,".60, .30, .10","0.7",500,133,26.6,0,0,0,0,133,26.6,367,"Yes",857
"rilta_lta_m3_n_5000_tp_0.407_m_3_l_0.9","Model 3","N = 5000",5000,".200",0.407,3,".60, .30, .10","0.9",500,144,28.8,0,0,0,0,144,28.8,356,"Yes",886
"rilta_lta_m3_n_5000_tp_0.407_m_3_l_a","Model 3","N = 5000",5000,".200",0.407,3,".60, .30, .10","A",500,118,23.6,0,0,0,0,118,23.6,382,"Yes",820
"rilta_lta_m3_n_5000_tp_0.407_m_3_l_b","Model 3","N = 5000",5000,".200",0.407,3,".60, .30, .10","B",500,114,22.8,0,0,0,0,114,22.8,386,"Yes",811
"rilta_lta_m3_n_5000_tp_0.407_m_3_l_c","Model 3","N = 5000",5000,".200",0.407,3,".60, .30, .10","C",500,109,21.8,0,0,0,0,109,21.8,391,"Yes",800
"rilta_lta_m3_n_5000_tp_0.407_m_3_l_d","Model 3","N = 5000",5000,".200",0.407,3,".60, .30, .10","D",500,100,20,0,0,0,0,100,20,400,"Yes",780
"rilta_lta_m1_n_5000_tp_3.179_m_1_l_0.3","Model 1","N = 5000",5000,".800",3.179,1,".10, .30, .60","0.3",500,241,48.2,9,1.8,1,0.2,246,49.2,254,"Yes",1312
"rilta_lta_m1_n_5000_tp_3.179_m_1_l_0.5","Model 1","N = 5000",5000,".800",3.179,1,".10, .30, .60","0.5",499,227,45.5,13,2.6,0,0,235,47.1,264,"Yes",1246
"rilta_lta_m1_n_5000_tp_3.179_m_1_l_0.7","Model 1","N = 5000",5000,".800",3.179,1,".10, .30, .60","0.7",500,265,53,37,7.4,0,0,274,54.8,226,"Yes",1517
"rilta_lta_m1_n_5000_tp_3.179_m_1_l_0.9","Model 1","N = 5000",5000,".800",3.179,1,".10, .30, .60","0.9",499,371,74.3,76,15.2,0,0,395,79.2,104,"Yes",5147
"rilta_lta_m1_n_5000_tp_3.179_m_1_l_a","Model 1","N = 5000",5000,".800",3.179,1,".10, .30, .60","A",395,135,34.2,0,0,0,0,135,34.2,260,"Yes",776
"rilta_lta_m1_n_5000_tp_3.179_m_1_l_b","Model 1","N = 5000",5000,".800",3.179,1,".10, .30, .60","B",500,279,55.8,2,0.4,0,0,280,56,220,"Yes",1571
"rilta_lta_m1_n_5000_tp_3.179_m_1_l_c","Model 1","N = 5000",5000,".800",3.179,1,".10, .30, .60","C",500,270,54,2,0.4,0,0,272,54.4,228,"Yes",1501
"rilta_lta_m1_n_5000_tp_3.179_m_1_l_d","Model 1","N = 5000",5000,".800",3.179,1,".10, .30, .60","D",500,269,53.8,3,0.6,0,0,270,54,230,"Yes",1484
"rilta_lta_m1_n_5000_tp_3.179_m_2_l_0.3","Model 1","N = 5000",5000,".800",3.179,2,".33, .33, .33","0.3",500,320,64,0,0,0,0,320,64,180,"Yes",2055
"rilta_lta_m1_n_5000_tp_3.179_m_2_l_0.5","Model 1","N = 5000",5000,".800",3.179,2,".33, .33, .33","0.5",500,307,61.4,0,0,0,0,307,61.4,193,"Yes",1867
"rilta_lta_m1_n_5000_tp_3.179_m_2_l_0.7","Model 1","N = 5000",5000,".800",3.179,2,".33, .33, .33","0.7",500,263,52.6,1,0.2,0,0,263,52.6,237,"Yes",1429
"rilta_lta_m1_n_5000_tp_3.179_m_2_l_0.9","Model 1","N = 5000",5000,".800",3.179,2,".33, .33, .33","0.9",500,327,65.4,38,7.6,2,0.4,341,68.2,159,"Yes",2459
"rilta_lta_m1_n_5000_tp_3.179_m_2_l_a","Model 1","N = 5000",5000,".800",3.179,2,".33, .33, .33","A",500,232,46.4,82,16.4,27,5.4,296,59.2,204,"Yes",1733
"rilta_lta_m1_n_5000_tp_3.179_m_2_l_b","Model 1","N = 5000",5000,".800",3.179,2,".33, .33, .33","B",500,299,59.8,0,0,0,0,299,59.8,201,"Yes",1768
"rilta_lta_m1_n_5000_tp_3.179_m_2_l_c","Model 1","N = 5000",5000,".800",3.179,2,".33, .33, .33","C",500,316,63.2,0,0,0,0,316,63.2,184,"Yes",1993
"rilta_lta_m1_n_5000_tp_3.179_m_2_l_d","Model 1","N = 5000",5000,".800",3.179,2,".33, .33, .33","D",500,292,58.4,0,0,0,0,292,58.4,208,"Yes",1689
"rilta_lta_m1_n_5000_tp_3.179_m_3_l_0.3","Model 1","N = 5000",5000,".800",3.179,3,".60, .30, .10","0.3",500,241,48.2,0,0,0,0,241,48.2,259,"Yes",1281
"rilta_lta_m1_n_5000_tp_3.179_m_3_l_0.5","Model 1","N = 5000",5000,".800",3.179,3,".60, .30, .10","0.5",500,247,49.4,2,0.4,0,0,248,49.6,252,"Yes",1325
"rilta_lta_m1_n_5000_tp_3.179_m_3_l_0.7","Model 1","N = 5000",5000,".800",3.179,3,".60, .30, .10","0.7",499,260,52.1,11,2.2,1,0.2,266,53.3,233,"Yes",1453
"rilta_lta_m1_n_5000_tp_3.179_m_3_l_0.9","Model 1","N = 5000",5000,".800",3.179,3,".60, .30, .10","0.9",495,303,61.2,64,12.9,1,0.2,322,65.1,173,"Yes",2127
"rilta_lta_m1_n_5000_tp_3.179_m_3_l_a","Model 1","N = 5000",5000,".800",3.179,3,".60, .30, .10","A",499,278,55.7,174,34.9,8,1.6,362,72.5,137,"Yes",3080
"rilta_lta_m1_n_5000_tp_3.179_m_3_l_b","Model 1","N = 5000",5000,".800",3.179,3,".60, .30, .10","B",500,224,44.8,0,0,0,0,224,44.8,276,"Yes",1187
"rilta_lta_m1_n_5000_tp_3.179_m_3_l_c","Model 1","N = 5000",5000,".800",3.179,3,".60, .30, .10","C",500,206,41.2,1,0.2,0,0,207,41.4,293,"Yes",1106
"rilta_lta_m1_n_5000_tp_3.179_m_3_l_d","Model 1","N = 5000",5000,".800",3.179,3,".60, .30, .10","D",500,227,45.4,2,0.4,0,0,227,45.4,273,"Yes",1202
"rilta_lta_m2_n_5000_tp_3.179_m_1_l_0.3","Model 2","N = 5000",5000,".800",3.179,1,".10, .30, .60","0.3",500,47,9.4,0,0,0,0,47,9.4,453,"Yes",684
"rilta_lta_m2_n_5000_tp_3.179_m_1_l_0.5","Model 2","N = 5000",5000,".800",3.179,1,".10, .30, .60","0.5",499,53,10.6,0,0,0,0,53,10.6,446,"Yes",692
"rilta_lta_m2_n_5000_tp_3.179_m_1_l_0.7","Model 2","N = 5000",5000,".800",3.179,1,".10, .30, .60","0.7",499,66,13.2,0,0,0,0,66,13.2,433,"Yes",714
"rilta_lta_m2_n_5000_tp_3.179_m_1_l_0.9","Model 2","N = 5000",5000,".800",3.179,1,".10, .30, .60","0.9",500,60,12,0,0,0,0,60,12,440,"Yes",705
"rilta_lta_m2_n_5000_tp_3.179_m_1_l_a","Model 2","N = 5000",5000,".800",3.179,1,".10, .30, .60","A",500,37,7.4,0,0,0,0,37,7.4,463,"Yes",668
"rilta_lta_m2_n_5000_tp_3.179_m_1_l_b","Model 2","N = 5000",5000,".800",3.179,1,".10, .30, .60","B",500,43,8.6,0,0,0,0,43,8.6,457,"Yes",677
"rilta_lta_m2_n_5000_tp_3.179_m_1_l_c","Model 2","N = 5000",5000,".800",3.179,1,".10, .30, .60","C",500,36,7.2,0,0,0,0,36,7.2,464,"Yes",667
"rilta_lta_m2_n_5000_tp_3.179_m_1_l_d","Model 2","N = 5000",5000,".800",3.179,1,".10, .30, .60","D",500,35,7,0,0,0,0,35,7,465,"Yes",665
"rilta_lta_m2_n_5000_tp_3.179_m_2_l_0.3","Model 2","N = 5000",5000,".800",3.179,2,".33, .33, .33","0.3",500,100,20,0,0,0,0,100,20,400,"Yes",780
"rilta_lta_m2_n_5000_tp_3.179_m_2_l_0.5","Model 2","N = 5000",5000,".800",3.179,2,".33, .33, .33","0.5",500,106,21.2,0,0,0,0,106,21.2,394,"Yes",793
"rilta_lta_m2_n_5000_tp_3.179_m_2_l_0.7","Model 2","N = 5000",5000,".800",3.179,2,".33, .33, .33","0.7",500,108,21.6,0,0,0,0,108,21.6,392,"Yes",797
"rilta_lta_m2_n_5000_tp_3.179_m_2_l_0.9","Model 2","N = 5000",5000,".800",3.179,2,".33, .33, .33","0.9",500,132,26.4,0,0,0,0,132,26.4,368,"Yes",854
"rilta_lta_m2_n_5000_tp_3.179_m_2_l_a","Model 2","N = 5000",5000,".800",3.179,2,".33, .33, .33","A",500,92,18.4,0,0,0,0,92,18.4,408,"Yes",764
"rilta_lta_m2_n_5000_tp_3.179_m_2_l_b","Model 2","N = 5000",5000,".800",3.179,2,".33, .33, .33","B",500,108,21.6,0,0,0,0,108,21.6,392,"Yes",797
"rilta_lta_m2_n_5000_tp_3.179_m_2_l_c","Model 2","N = 5000",5000,".800",3.179,2,".33, .33, .33","C",500,129,25.8,0,0,0,0,129,25.8,371,"Yes",847
"rilta_lta_m2_n_5000_tp_3.179_m_2_l_d","Model 2","N = 5000",5000,".800",3.179,2,".33, .33, .33","D",500,134,26.8,0,0,0,0,134,26.8,366,"Yes",859
"rilta_lta_m2_n_5000_tp_3.179_m_3_l_0.3","Model 2","N = 5000",5000,".800",3.179,3,".60, .30, .10","0.3",500,57,11.4,0,0,0,0,57,11.4,443,"Yes",700
"rilta_lta_m2_n_5000_tp_3.179_m_3_l_0.5","Model 2","N = 5000",5000,".800",3.179,3,".60, .30, .10","0.5",499,68,13.6,0,0,0,0,68,13.6,431,"Yes",717
"rilta_lta_m2_n_5000_tp_3.179_m_3_l_0.7","Model 2","N = 5000",5000,".800",3.179,3,".60, .30, .10","0.7",500,100,20,0,0,0,0,100,20,400,"Yes",780
"rilta_lta_m2_n_5000_tp_3.179_m_3_l_0.9","Model 2","N = 5000",5000,".800",3.179,3,".60, .30, .10","0.9",500,96,19.2,0,0,0,0,96,19.2,404,"Yes",772
"rilta_lta_m2_n_5000_tp_3.179_m_3_l_a","Model 2","N = 5000",5000,".800",3.179,3,".60, .30, .10","A",499,70,14,0,0,0,0,70,14,429,"Yes",721
"rilta_lta_m2_n_5000_tp_3.179_m_3_l_b","Model 2","N = 5000",5000,".800",3.179,3,".60, .30, .10","B",500,78,15.6,0,0,0,0,78,15.6,422,"Yes",737
"rilta_lta_m2_n_5000_tp_3.179_m_3_l_c","Model 2","N = 5000",5000,".800",3.179,3,".60, .30, .10","C",498,73,14.7,0,0,0,0,73,14.7,425,"Yes",726
"rilta_lta_m2_n_5000_tp_3.179_m_3_l_d","Model 2","N = 5000",5000,".800",3.179,3,".60, .30, .10","D",500,53,10.6,0,0,0,0,53,10.6,447,"Yes",693
"rilta_lta_m3_n_5000_tp_3.179_m_1_l_0.3","Model 3","N = 5000",5000,".800",3.179,1,".10, .30, .60","0.3",500,130,26,1,0.2,0,0,131,26.2,369,"Yes",852
"rilta_lta_m3_n_5000_tp_3.179_m_1_l_0.5","Model 3","N = 5000",5000,".800",3.179,1,".10, .30, .60","0.5",500,134,26.8,1,0.2,0,0,134,26.8,366,"Yes",859
"rilta_lta_m3_n_5000_tp_3.179_m_1_l_0.7","Model 3","N = 5000",5000,".800",3.179,1,".10, .30, .60","0.7",500,109,21.8,0,0,0,0,109,21.8,391,"Yes",800
"rilta_lta_m3_n_5000_tp_3.179_m_1_l_0.9","Model 3","N = 5000",5000,".800",3.179,1,".10, .30, .60","0.9",500,163,32.6,0,0,0,0,163,32.6,337,"Yes",942
"rilta_lta_m3_n_5000_tp_3.179_m_1_l_a","Model 3","N = 5000",5000,".800",3.179,1,".10, .30, .60","A",500,120,24,2,0.4,0,0,121,24.2,379,"Yes",827
"rilta_lta_m3_n_5000_tp_3.179_m_1_l_b","Model 3","N = 5000",5000,".800",3.179,1,".10, .30, .60","B",500,120,24,9,1.8,0,0,126,25.2,374,"Yes",839
"rilta_lta_m3_n_5000_tp_3.179_m_1_l_c","Model 3","N = 5000",5000,".800",3.179,1,".10, .30, .60","C",500,97,19.4,16,3.2,0,0,112,22.4,388,"Yes",806
"rilta_lta_m3_n_5000_tp_3.179_m_1_l_d","Model 3","N = 5000",5000,".800",3.179,1,".10, .30, .60","D",500,108,21.6,33,6.6,0,0,132,26.4,368,"Yes",854
"rilta_lta_m3_n_5000_tp_3.179_m_2_l_0.3","Model 3","N = 5000",5000,".800",3.179,2,".33, .33, .33","0.3",500,165,33,0,0,0,0,165,33,335,"Yes",948
"rilta_lta_m3_n_5000_tp_3.179_m_2_l_0.5","Model 3","N = 5000",5000,".800",3.179,2,".33, .33, .33","0.5",500,195,39,0,0,0,0,195,39,305,"Yes",1055
"rilta_lta_m3_n_5000_tp_3.179_m_2_l_0.7","Model 3","N = 5000",5000,".800",3.179,2,".33, .33, .33","0.7",500,186,37.2,0,0,0,0,186,37.2,314,"Yes",1021
"rilta_lta_m3_n_5000_tp_3.179_m_2_l_0.9","Model 3","N = 5000",5000,".800",3.179,2,".33, .33, .33","0.9",500,210,42,0,0,0,0,210,42,290,"Yes",1119
"rilta_lta_m3_n_5000_tp_3.179_m_2_l_a","Model 3","N = 5000",5000,".800",3.179,2,".33, .33, .33","A",500,174,34.8,0,0,0,0,174,34.8,326,"Yes",978
"rilta_lta_m3_n_5000_tp_3.179_m_2_l_b","Model 3","N = 5000",5000,".800",3.179,2,".33, .33, .33","B",500,127,25.4,0,0,0,0,127,25.4,373,"Yes",842
"rilta_lta_m3_n_5000_tp_3.179_m_2_l_c","Model 3","N = 5000",5000,".800",3.179,2,".33, .33, .33","C",499,113,22.6,0,0,0,0,113,22.6,386,"Yes",807
"rilta_lta_m3_n_5000_tp_3.179_m_2_l_d","Model 3","N = 5000",5000,".800",3.179,2,".33, .33, .33","D",500,173,34.6,2,0.4,0,0,174,34.8,326,"Yes",978
"rilta_lta_m3_n_5000_tp_3.179_m_3_l_0.3","Model 3","N = 5000",5000,".800",3.179,3,".60, .30, .10","0.3",500,127,25.4,0,0,0,0,127,25.4,373,"Yes",842
"rilta_lta_m3_n_5000_tp_3.179_m_3_l_0.5","Model 3","N = 5000",5000,".800",3.179,3,".60, .30, .10","0.5",500,166,33.2,0,0,0,0,166,33.2,334,"Yes",952
"rilta_lta_m3_n_5000_tp_3.179_m_3_l_0.7","Model 3","N = 5000",5000,".800",3.179,3,".60, .30, .10","0.7",500,177,35.4,0,0,0,0,177,35.4,323,"Yes",988
"rilta_lta_m3_n_5000_tp_3.179_m_3_l_0.9","Model 3","N = 5000",5000,".800",3.179,3,".60, .30, .10","0.9",500,166,33.2,0,0,0,0,166,33.2,334,"Yes",952
"rilta_lta_m3_n_5000_tp_3.179_m_3_l_a","Model 3","N = 5000",5000,".800",3.179,3,".60, .30, .10","A",500,138,27.6,0,0,0,0,138,27.6,362,"Yes",870
"rilta_lta_m3_n_5000_tp_3.179_m_3_l_b","Model 3","N = 5000",5000,".800",3.179,3,".60, .30, .10","B",500,97,19.4,0,0,0,0,97,19.4,403,"Yes",774
"rilta_lta_m3_n_5000_tp_3.179_m_3_l_c","Model 3","N = 5000",5000,".800",3.179,3,".60, .30, .10","C",500,88,17.6,0,0,0,0,88,17.6,412,"Yes",756
"rilta_lta_m3_n_5000_tp_3.179_m_3_l_d","Model 3","N = 5000",5000,".800",3.179,3,".60, .30, .10","D",499,129,25.9,1,0.2,0,0,130,26.1,369,"Yes",849
