"N_numeric","N","Population","Model","TPs","Mix","Mixing_proportion","Lambda","Total_Rows","Violation_Rate","LL_Failure_Rate","Error_Rate","True_Violation_Rate","Final_Violation_Rate","Final_LL_Failure_Rate","Final_Error_Rate","Final_True_Violation_Rate","Reps_Needed_for_Success","Successful_Replications","Status"
"500","N = 500",".200","Model 1",0.407,1,".10, .30, .60","0.3",500,42.4,1,33.2,61.4,43.9,0.8,30.5,61.3,1867,722,"✅ Fixed"
"500","N = 500",".200","Model 2",0.407,1,".10, .30, .60","0.3",500,2.8,0.2,4.8,7.8,3.3,0.1,4,7.5,671,621,"✅ Fixed"
"500","N = 500",".200","Model 3",0.407,1,".10, .30, .60","0.3",500,19.4,0.4,11,27.8,16.5,0.5,8.9,24.1,872,662,"✅ Fixed"
"500","N = 500",".200","Model 1",0.407,1,".10, .30, .60","0.5",500,47,0.6,25.6,60.8,46.9,0.5,27.9,61.3,1828,708,"✅ Fixed"
"500","N = 500",".200","Model 2",0.407,1,".10, .30, .60","0.5",499,5.2,0.4,3.6,9.2,4.1,0.3,3.7,8.1,680,625,"✅ Fixed"
"500","N = 500",".200","Model 3",0.407,1,".10, .30, .60","0.5",500,21.2,0.4,7.2,24.4,19.2,0.5,6.8,23.3,829,636,"✅ Fixed"
"500","N = 500",".200","Model 1",0.407,1,".10, .30, .60","0.7",500,50.6,0.2,30.2,65,51.5,0.4,31,65.5,2138,738,"✅ Fixed"
"500","N = 500",".200","Model 2",0.407,1,".10, .30, .60","0.7",496,6.2,0.6,2.8,9.7,6.5,0.4,2.8,9.7,677,611,"✅ Fixed"
"500","N = 500",".200","Model 3",0.407,1,".10, .30, .60","0.7",498,24.3,0,5.4,28.3,23.8,0.1,5.3,27.6,874,633,"✅ Fixed"
"500","N = 500",".200","Model 1",0.407,1,".10, .30, .60","0.9",499,52.7,1,34.5,67.9,54.3,0.6,34.7,69.4,2411,737,"✅ Fixed"
"500","N = 500",".200","Model 2",0.407,1,".10, .30, .60","0.9",500,8.8,0.6,3.6,12.8,8.2,0.4,3.8,12.2,711,624,"✅ Fixed"
"500","N = 500",".200","Model 3",0.407,1,".10, .30, .60","0.9",500,37.4,0.4,3,39.2,36.3,0.2,3.9,38.6,1060,651,"✅ Fixed"
"500","N = 500",".200","Model 1",0.407,1,".10, .30, .60","A",500,44.6,1.2,42.8,68.8,46.4,1.2,43.8,69.8,2420,731,"✅ Fixed"
"500","N = 500",".200","Model 2",0.407,1,".10, .30, .60","A",498,4.2,0.2,4,8.2,5.1,0.6,3.8,9.2,710,645,"✅ Fixed"
"500","N = 500",".200","Model 3",0.407,1,".10, .30, .60","A",500,27,0.6,12.4,32.4,28.2,0.5,11,33.5,1060,705,"✅ Fixed"
"500","N = 500",".200","Model 1",0.407,1,".10, .30, .60","B",500,42,0.8,31.8,59.8,43.5,0.9,32.8,61.8,2418,923,"✅ Fixed"
"500","N = 500",".200","Model 2",0.407,1,".10, .30, .60","B",500,5.4,0.4,5,10.8,4.9,0.6,5.2,10.4,712,638,"✅ Fixed"
"500","N = 500",".200","Model 3",0.407,1,".10, .30, .60","B",499,18.8,0,11.2,27.9,17.6,0.3,9.8,25.5,1059,789,"✅ Fixed"
"500","N = 500",".200","Model 1",0.407,1,".10, .30, .60","C",500,48.2,1,41,69.2,46.3,1,37.7,65.6,2419,833,"✅ Fixed"
"500","N = 500",".200","Model 2",0.407,1,".10, .30, .60","C",500,5.4,0.6,3.6,9.4,5.1,0.4,3.4,8.7,711,649,"✅ Fixed"
"500","N = 500",".200","Model 3",0.407,1,".10, .30, .60","C",500,17.2,0.4,12.8,26.2,18.4,0.4,10.8,26.7,1060,777,"✅ Fixed"
"500","N = 500",".200","Model 1",0.407,1,".10, .30, .60","D",500,48.6,0.6,36.8,67.2,46,0,0,46,2113,1141,"✅ Fixed"
"500","N = 500",".200","Model 2",0.407,1,".10, .30, .60","D",500,5,0.4,4,9.4,5.2,0.3,3.1,8.6,712,651,"✅ Fixed"
"500","N = 500",".200","Model 3",0.407,1,".10, .30, .60","D",500,24.2,0,16.2,35.8,22.2,0.4,14.1,32.8,1060,712,"✅ Fixed"
"500","N = 500",".200","Model 1",0.407,2,".33, .33, .33","0.3",500,46.8,0.8,16.2,54.4,47.8,0.6,18.5,57.5,1500,637,"✅ Fixed"
"500","N = 500",".200","Model 2",0.407,2,".33, .33, .33","0.3",499,8.6,1,3.4,12.8,7.6,0.7,3,11.1,709,630,"✅ Fixed"
"500","N = 500",".200","Model 3",0.407,2,".33, .33, .33","0.3",500,26.6,0,3,28.8,24.3,0,2,25.7,886,658,"✅ Fixed"
"500","N = 500",".200","Model 1",0.407,2,".33, .33, .33","0.5",500,48,0.4,16.6,57.2,48.6,0.7,17.6,57.7,1628,688,"✅ Fixed"
"500","N = 500",".200","Model 2",0.407,2,".33, .33, .33","0.5",500,10.6,0.2,5.4,16.2,10.2,0.3,4.9,15.4,742,628,"✅ Fixed"
"500","N = 500",".200","Model 3",0.407,2,".33, .33, .33","0.5",498,25.9,0.4,3.4,29.3,26.9,0.2,2.4,29.1,888,630,"✅ Fixed"
"500","N = 500",".200","Model 1",0.407,2,".33, .33, .33","0.7",499,52.1,0.2,18,61.5,50.6,0.4,19.6,59.9,1867,748,"✅ Fixed"
"500","N = 500",".200","Model 2",0.407,2,".33, .33, .33","0.7",499,8.8,0.6,4,13,9.8,0.4,3.4,13.4,711,616,"✅ Fixed"
"500","N = 500",".200","Model 3",0.407,2,".33, .33, .33","0.7",500,24.6,0.4,3.2,27.4,26.4,0.2,2.9,29,867,616,"✅ Fixed"
"500","N = 500",".200","Model 1",0.407,2,".33, .33, .33","0.9",498,50.4,0,20.5,58.2,52.3,0.2,20.9,60.7,1666,654,"✅ Fixed"
"500","N = 500",".200","Model 2",0.407,2,".33, .33, .33","0.9",499,15.8,0.2,3.6,19,14.7,0.3,3,17.5,767,633,"✅ Fixed"
"500","N = 500",".200","Model 3",0.407,2,".33, .33, .33","0.9",500,33.4,0.2,1.8,34.4,31.5,0.1,2.1,32.7,971,653,"✅ Fixed"
"500","N = 500",".200","Model 1",0.407,2,".33, .33, .33","A",500,47.4,1.2,34.2,64.6,48.9,1.1,36,66.8,1670,554,"✅ Fixed"
"500","N = 500",".200","Model 2",0.407,2,".33, .33, .33","A",500,8.8,0.2,2.4,11.2,8.5,0.3,3.3,11.7,767,677,"✅ Fixed"
"500","N = 500",".200","Model 3",0.407,2,".33, .33, .33","A",500,25.2,0.4,2.6,27.2,25.6,0.4,2.8,27.7,970,701,"✅ Fixed"
"500","N = 500",".200","Model 1",0.407,2,".33, .33, .33","B",500,50,0.4,19.4,59.8,49.5,0.8,21.4,59.6,1672,676,"✅ Fixed"
"500","N = 500",".200","Model 2",0.407,2,".33, .33, .33","B",499,9.4,0.4,3.4,13.2,10.2,0.5,3.4,13.6,766,662,"✅ Fixed"
"500","N = 500",".200","Model 3",0.407,2,".33, .33, .33","B",500,22.6,0,3.2,25,22.5,0.2,3.4,25.5,970,723,"✅ Fixed"
"500","N = 500",".200","Model 1",0.407,2,".33, .33, .33","C",500,48,0.8,26.8,60,49.8,0.8,26.9,62.3,1672,630,"✅ Fixed"
"500","N = 500",".200","Model 2",0.407,2,".33, .33, .33","C",499,12.4,0.2,3.2,15.8,11.9,0.3,2.9,14.9,765,651,"✅ Fixed"
"500","N = 500",".200","Model 3",0.407,2,".33, .33, .33","C",500,18.6,1,2.6,21.4,19.3,0.7,4.1,22.7,971,751,"✅ Fixed"
"500","N = 500",".200","Model 1",0.407,2,".33, .33, .33","D",500,50.4,1.2,28.8,64.2,51.5,0.8,26.7,63.9,1672,603,"✅ Fixed"
"500","N = 500",".200","Model 2",0.407,2,".33, .33, .33","D",500,10.6,0.4,3.8,14.6,10.6,0.3,3.1,13.7,767,662,"✅ Fixed"
"500","N = 500",".200","Model 3",0.407,2,".33, .33, .33","D",500,20.6,0,9.2,27,20.6,0,9.3,26.6,971,713,"✅ Fixed"
"500","N = 500",".200","Model 1",0.407,3,".60, .30, .10","0.3",499,44.5,0.8,27.1,58.3,43.9,0.8,28.3,59.1,1675,685,"✅ Fixed"
"500","N = 500",".200","Model 2",0.407,3,".60, .30, .10","0.3",497,15.7,0.8,4,20.1,14.5,0.6,3.4,18.2,771,631,"✅ Fixed"
"500","N = 500",".200","Model 3",0.407,3,".60, .30, .10","0.3",499,24.6,0,2,25.5,23.7,0,1.3,24.3,839,635,"✅ Fixed"
"500","N = 500",".200","Model 1",0.407,3,".60, .30, .10","0.5",497,43.3,0.6,28.8,59.6,45.4,0.3,27.4,60,1733,693,"✅ Fixed"
"500","N = 500",".200","Model 2",0.407,3,".60, .30, .10","0.5",494,15.4,0.4,3.2,18.4,15,0.4,2.7,17.6,745,614,"✅ Fixed"
"500","N = 500",".200","Model 3",0.407,3,".60, .30, .10","0.5",499,21.8,0.2,2,23.6,20.9,0.5,1.7,22.9,814,628,"✅ Fixed"
"500","N = 500",".200","Model 1",0.407,3,".60, .30, .10","0.7",496,48.4,0.4,27.6,62.5,45.8,0.5,29.6,61.4,1913,739,"✅ Fixed"
"500","N = 500",".200","Model 2",0.407,3,".60, .30, .10","0.7",498,14.3,0.6,3.2,17.1,14.5,0.7,2.7,17.2,745,617,"✅ Fixed"
"500","N = 500",".200","Model 3",0.407,3,".60, .30, .10","0.7",498,26.5,0,2.6,28.3,25,0,2.1,26.3,872,643,"✅ Fixed"
"500","N = 500",".200","Model 1",0.407,3,".60, .30, .10","0.9",491,50.3,0,27.3,62.5,49.2,0.4,28.4,62.3,1875,707,"✅ Fixed"
"500","N = 500",".200","Model 2",0.407,3,".60, .30, .10","0.9",496,15.9,0.6,2.2,18.5,16.6,0.5,2.3,18.8,754,612,"✅ Fixed"
"500","N = 500",".200","Model 3",0.407,3,".60, .30, .10","0.9",498,25.9,0,3,26.9,24.8,0,3.3,26.4,855,629,"✅ Fixed"
"500","N = 500",".200","Model 1",0.407,3,".60, .30, .10","A",498,53.8,0.2,48.4,74.5,53.2,0.9,47.7,73.4,1905,506,"✅ Fixed"
"500","N = 500",".200","Model 2",0.407,3,".60, .30, .10","A",497,12.7,0.6,3.2,16.1,13.1,0.7,3.3,16.6,755,630,"✅ Fixed"
"500","N = 500",".200","Model 3",0.407,3,".60, .30, .10","A",497,20.3,0.2,1.2,21.5,22.9,0.1,1.3,23.9,852,648,"✅ Fixed"
"500","N = 500",".200","Model 1",0.407,3,".60, .30, .10","B",498,44.2,1,33.3,61.2,43.3,0.4,33.1,61.4,1897,732,"✅ Fixed"
"500","N = 500",".200","Model 2",0.407,3,".60, .30, .10","B",498,14.7,0,1.6,15.9,14,0.3,1.9,15.9,755,635,"✅ Fixed"
"500","N = 500",".200","Model 3",0.407,3,".60, .30, .10","B",496,23.6,0,1.4,24.6,22.9,0.2,1.8,24.5,850,642,"✅ Fixed"
"500","N = 500",".200","Model 1",0.407,3,".60, .30, .10","C",497,49.1,0.6,36,66.8,42.7,0.6,34,61.5,1896,730,"✅ Fixed"
"500","N = 500",".200","Model 2",0.407,3,".60, .30, .10","C",500,15,0.4,3.2,18.4,13.9,0.7,2.5,16.9,758,630,"✅ Fixed"
"500","N = 500",".200","Model 3",0.407,3,".60, .30, .10","C",497,16.5,0.2,2.2,18.7,17.7,0.1,1.8,19.2,854,690,"✅ Fixed"
"500","N = 500",".200","Model 1",0.407,3,".60, .30, .10","D",497,42.9,0.6,35,62,40.6,0.7,33.8,60.5,1900,751,"✅ Fixed"
"500","N = 500",".200","Model 2",0.407,3,".60, .30, .10","D",500,14.6,0.4,4.4,19,13.8,0.4,3.3,17,759,630,"✅ Fixed"
"500","N = 500",".200","Model 3",0.407,3,".60, .30, .10","D",499,20.6,0,3.6,22.8,18.6,0.4,3.7,21.5,854,670,"✅ Fixed"
"500","N = 500",".800","Model 1",3.179,1,".10, .30, .60","0.3",499,45.5,0.4,38.9,69.5,48.4,0.7,39.4,69.5,2609,795,"✅ Fixed"
"500","N = 500",".800","Model 2",3.179,1,".10, .30, .60","0.3",494,7.7,0.8,11.3,19.6,8.3,0.5,11.4,19.6,757,609,"✅ Fixed"
"500","N = 500",".800","Model 3",3.179,1,".10, .30, .60","0.3",500,20.2,0.2,18.8,35.4,21.2,0.2,16.9,34.5,987,646,"✅ Fixed"
"500","N = 500",".800","Model 1",3.179,1,".10, .30, .60","0.5",500,52,0.6,38.2,69.6,51.7,0.6,37.8,70,2630,790,"✅ Fixed"
"500","N = 500",".800","Model 2",3.179,1,".10, .30, .60","0.5",496,7.9,0.4,9.7,17.3,9.4,0.3,9.7,18.4,743,606,"✅ Fixed"
"500","N = 500",".800","Model 3",3.179,1,".10, .30, .60","0.5",500,19.4,0.2,17,31.6,20.8,0.2,15.8,32.9,926,621,"✅ Fixed"
"500","N = 500",".800","Model 1",3.179,1,".10, .30, .60","0.7",499,50.9,0.8,43.5,69.3,53.9,0.7,42.5,74.1,2581,668,"✅ Fixed"
"500","N = 500",".800","Model 2",3.179,1,".10, .30, .60","0.7",498,11.8,0.4,12.4,23.1,11.7,0.4,11.4,22,806,629,"✅ Fixed"
"500","N = 500",".800","Model 3",3.179,1,".10, .30, .60","0.7",500,23.8,0,11,32.8,24.6,0.2,10,32.6,944,636,"✅ Fixed"
"500","N = 500",".800","Model 1",3.179,1,".10, .30, .60","0.9",498,56.4,0.2,45.8,77.3,57.2,0.3,46.8,77.2,4300,979,"✅ Fixed"
"500","N = 500",".800","Model 2",3.179,1,".10, .30, .60","0.9",499,16.4,0.6,13.4,29.1,15.9,0.6,13,27.9,886,639,"✅ Fixed"
"500","N = 500",".800","Model 3",3.179,1,".10, .30, .60","0.9",499,31.9,0.2,8.4,36.9,35,0.1,7.5,39.7,1012,610,"✅ Fixed"
"500","N = 500",".800","Model 1",3.179,1,".10, .30, .60","A",499,45.3,0.6,45.7,70.5,44.5,1.2,46.9,71.6,4308,1224,"✅ Fixed"
"500","N = 500",".800","Model 2",3.179,1,".10, .30, .60","A",496,7.7,1,13.7,20.6,7.4,0.9,13.5,20.5,884,703,"✅ Fixed"
"500","N = 500",".800","Model 3",3.179,1,".10, .30, .60","A",499,22.6,0,16.6,35.7,22.4,0.2,16.4,34.8,1011,659,"✅ Fixed"
"500","N = 500",".800","Model 1",3.179,1,".10, .30, .60","B",500,43.2,0.4,36.4,62.6,47.2,0.7,36.9,66.8,4310,1429,"✅ Fixed"
"500","N = 500",".800","Model 2",3.179,1,".10, .30, .60","B",499,8,0.2,13.2,20.4,8.1,0.7,14.1,21.7,886,694,"✅ Fixed"
"500","N = 500",".800","Model 3",3.179,1,".10, .30, .60","B",499,21.6,0.2,22.4,39.5,21.9,0.3,20.5,38.4,1012,623,"✅ Fixed"
"500","N = 500",".800","Model 1",3.179,1,".10, .30, .60","C",500,49.4,1,39.2,69.6,48.6,0.8,37.9,69.2,4310,1329,"✅ Fixed"
"500","N = 500",".800","Model 2",3.179,1,".10, .30, .60","C",498,7.4,0.8,11.8,18.3,8.7,0.5,12,19.7,883,709,"✅ Fixed"
"500","N = 500",".800","Model 3",3.179,1,".10, .30, .60","C",500,19.6,0.6,23.6,39.6,19.5,0.4,22.1,38.2,1013,626,"✅ Fixed"
"500","N = 500",".800","Model 1",3.179,1,".10, .30, .60","D",500,48,1.2,40.2,69.2,48.2,0.9,39.7,68.3,4312,1368,"✅ Fixed"
"500","N = 500",".800","Model 2",3.179,1,".10, .30, .60","D",500,7.6,0.4,14.4,21,7.7,0.3,15.3,22,887,692,"✅ Fixed"
"500","N = 500",".800","Model 3",3.179,1,".10, .30, .60","D",499,18.8,0,25.3,39.3,18.5,0.1,23.4,38.3,1011,624,"✅ Fixed"
"500","N = 500",".800","Model 1",3.179,2,".33, .33, .33","0.3",500,56.2,0.6,27.2,68,57,0.6,25.6,67.9,2436,781,"✅ Fixed"
"500","N = 500",".800","Model 2",3.179,2,".33, .33, .33","0.3",500,19.4,0.2,1.4,20.4,19,0.4,1.9,20.8,783,620,"✅ Fixed"
"500","N = 500",".800","Model 3",3.179,2,".33, .33, .33","0.3",500,33.8,0.4,1.4,34.8,32.9,0.3,1.9,34.5,977,640,"✅ Fixed"
"500","N = 500",".800","Model 1",3.179,2,".33, .33, .33","0.5",499,55.3,1,25.3,68.5,53.7,0.8,26.7,66.6,2487,831,"✅ Fixed"
"500","N = 500",".800","Model 2",3.179,2,".33, .33, .33","0.5",497,24.5,1,1,25.8,24.4,1,1,25.6,837,623,"✅ Fixed"
"500","N = 500",".800","Model 3",3.179,2,".33, .33, .33","0.5",498,30.7,0,3,33.1,30.8,0,3,33.2,944,631,"✅ Fixed"
"500","N = 500",".800","Model 1",3.179,2,".33, .33, .33","0.7",500,57.6,0.4,28.8,70.8,56.9,0.4,30.8,69.1,2799,865,"✅ Fixed"
"500","N = 500",".800","Model 2",3.179,2,".33, .33, .33","0.7",498,23.5,0.6,0.6,24.3,23,0.7,0.7,24.1,823,625,"✅ Fixed"
"500","N = 500",".800","Model 3",3.179,2,".33, .33, .33","0.7",500,32.2,0.2,2.8,34.6,33.1,0.1,2.5,34.9,975,635,"✅ Fixed"
"500","N = 500",".800","Model 1",3.179,2,".33, .33, .33","0.9",496,61.9,0.4,33.1,74.2,60.7,0.2,34.3,73.5,3392,899,"✅ Fixed"
"500","N = 500",".800","Model 2",3.179,2,".33, .33, .33","0.9",499,28.3,0,0.8,29.1,29.1,0.1,0.8,29.9,886,621,"✅ Fixed"
"500","N = 500",".800","Model 3",3.179,2,".33, .33, .33","0.9",500,34.8,0,3,36.6,36.3,0,2.9,37.9,1010,627,"✅ Fixed"
"500","N = 500",".800","Model 1",3.179,2,".33, .33, .33","A",500,53.2,0.8,38.4,71,54,0.9,38.8,70.7,3405,996,"✅ Fixed"
"500","N = 500",".800","Model 2",3.179,2,".33, .33, .33","A",499,21,0.2,2.4,23.4,19.6,0.3,2.1,21.8,887,694,"✅ Fixed"
"500","N = 500",".800","Model 3",3.179,2,".33, .33, .33","A",500,32.2,0,2.8,33.4,30.2,0.1,2.6,31.6,1009,690,"✅ Fixed"
"500","N = 500",".800","Model 1",3.179,2,".33, .33, .33","B",500,53.2,1,30.2,67.6,53.7,0.7,27.3,66.7,3407,1133,"✅ Fixed"
"500","N = 500",".800","Model 2",3.179,2,".33, .33, .33","B",497,22.3,0.4,1,23.3,22.3,0.7,1.6,24.2,883,669,"✅ Fixed"
"500","N = 500",".800","Model 3",3.179,2,".33, .33, .33","B",499,28.9,0,3.8,32.5,30.6,0.1,4,33.9,1009,667,"✅ Fixed"
"500","N = 500",".800","Model 1",3.179,2,".33, .33, .33","C",500,53.2,0.6,25.6,66.8,54.9,0.9,27.8,68.1,3406,1088,"✅ Fixed"
"500","N = 500",".800","Model 2",3.179,2,".33, .33, .33","C",499,22,0,0.4,22.4,21.8,0,0.6,22.2,887,690,"✅ Fixed"
"500","N = 500",".800","Model 3",3.179,2,".33, .33, .33","C",500,33.8,0,5.6,37.8,31,0,6.2,35.3,1008,652,"✅ Fixed"
"500","N = 500",".800","Model 1",3.179,2,".33, .33, .33","D",500,53.2,0.6,28,65.8,54.9,0.8,28.5,68.2,3405,1082,"✅ Fixed"
"500","N = 500",".800","Model 2",3.179,2,".33, .33, .33","D",499,20.4,0,0.6,20.6,19.5,0.3,1,20.4,887,706,"✅ Fixed"
"500","N = 500",".800","Model 3",3.179,2,".33, .33, .33","D",498,29.5,0.4,10.6,37.3,28.4,0.3,12.6,37.8,1007,626,"✅ Fixed"
"500","N = 500",".800","Model 1",3.179,3,".60, .30, .10","0.3",498,43.6,1.4,42.2,66.5,46.4,1.1,38.8,67,2264,746,"✅ Fixed"
"500","N = 500",".800","Model 2",3.179,3,".60, .30, .10","0.3",500,12,0.2,6.2,17.6,13.1,0.1,5.7,18.3,756,618,"✅ Fixed"
"500","N = 500",".800","Model 3",3.179,3,".60, .30, .10","0.3",500,21.4,0.4,3.6,23.6,20.5,0.2,2.6,22.2,820,638,"✅ Fixed"
"500","N = 500",".800","Model 1",3.179,3,".60, .30, .10","0.5",499,51.1,0.4,37.5,67.3,47.5,0.6,41.1,67.6,2344,759,"✅ Fixed"
"500","N = 500",".800","Model 2",3.179,3,".60, .30, .10","0.5",498,16.9,0.4,4,20.5,16.7,0.3,4,20.4,779,620,"✅ Fixed"
"500","N = 500",".800","Model 3",3.179,3,".60, .30, .10","0.5",500,21.4,0,3.2,23.8,22.3,0,2.9,24.5,821,620,"✅ Fixed"
"500","N = 500",".800","Model 1",3.179,3,".60, .30, .10","0.7",497,48.5,0.8,42.5,68.4,52.2,0.7,40.6,69.9,2456,740,"✅ Fixed"
"500","N = 500",".800","Model 2",3.179,3,".60, .30, .10","0.7",497,18.5,0.6,1.6,20.5,18.8,0.6,2.2,21.4,777,611,"✅ Fixed"
"500","N = 500",".800","Model 3",3.179,3,".60, .30, .10","0.7",500,24.2,0.2,4,26.6,25.5,0.1,3.4,27.6,856,620,"✅ Fixed"
"500","N = 500",".800","Model 1",3.179,3,".60, .30, .10","0.9",498,54.6,0.4,41,71.3,55.1,0.5,41.3,72.2,2848,793,"✅ Fixed"
"500","N = 500",".800","Model 2",3.179,3,".60, .30, .10","0.9",497,23.9,0.2,1,25.2,24.8,0.1,1.3,26,830,614,"✅ Fixed"
"500","N = 500",".800","Model 3",3.179,3,".60, .30, .10","0.9",499,25.9,0,6,30.5,25,0,4.6,28.6,907,648,"✅ Fixed"
"500","N = 500",".800","Model 1",3.179,3,".60, .30, .10","A",497,66,1.8,53.3,82.3,61.4,1.1,51.2,80.5,2865,559,"✅ Fixed"
"500","N = 500",".800","Model 2",3.179,3,".60, .30, .10","A",499,12.4,0.2,6,18,13.1,0.5,5.6,18.4,832,679,"✅ Fixed"
"500","N = 500",".800","Model 3",3.179,3,".60, .30, .10","A",500,20.8,0.4,3,23.8,21.8,0.3,2.6,24.4,907,686,"✅ Fixed"
"500","N = 500",".800","Model 1",3.179,3,".60, .30, .10","B",499,48.3,0.8,43.1,68.7,46.3,0.8,42.8,68.4,2862,905,"✅ Fixed"
"500","N = 500",".800","Model 2",3.179,3,".60, .30, .10","B",500,13.2,0.4,2.8,16.2,14.2,0.7,3.5,17.8,832,684,"✅ Fixed"
"500","N = 500",".800","Model 3",3.179,3,".60, .30, .10","B",498,21.7,0.2,2,23.1,20.9,0.2,2,22.6,904,700,"✅ Fixed"
"500","N = 500",".800","Model 1",3.179,3,".60, .30, .10","C",496,48.8,1,42.1,70.2,47.1,0.9,42.2,67.9,2856,916,"✅ Fixed"
"500","N = 500",".800","Model 2",3.179,3,".60, .30, .10","C",500,14,0.8,4.2,18.8,14.3,0.7,3.4,18,833,683,"✅ Fixed"
"500","N = 500",".800","Model 3",3.179,3,".60, .30, .10","C",497,18.9,0,5,22.7,18.9,0,3.9,21.9,903,705,"✅ Fixed"
"500","N = 500",".800","Model 1",3.179,3,".60, .30, .10","D",498,46.4,1,45,70.9,47.5,1.1,44.3,70,2861,858,"✅ Fixed"
"500","N = 500",".800","Model 2",3.179,3,".60, .30, .10","D",497,13.1,0,3,16.1,11.9,0,2,13.9,830,715,"✅ Fixed"
"500","N = 500",".800","Model 3",3.179,3,".60, .30, .10","D",499,18.2,0.2,11.6,27.3,18.5,0.2,11.5,27.4,905,657,"✅ Fixed"
"1000","N = 1000",".200","Model 1",0.407,1,".10, .30, .60","0.3",500,46.4,0.2,9.4,50.2,47.3,0.1,9.3,52,1344,645,"✅ Fixed"
"1000","N = 1000",".200","Model 2",0.407,1,".10, .30, .60","0.3",500,5.2,0.4,0.6,6.2,5.5,0.3,0.6,6.4,659,617,"✅ Fixed"
"1000","N = 1000",".200","Model 3",0.407,1,".10, .30, .60","0.3",499,20.6,0,0.8,21.4,19.2,0.1,0.8,20.1,793,634,"✅ Fixed"
"1000","N = 1000",".200","Model 1",0.407,1,".10, .30, .60","0.5",500,49.4,0.4,8,53.2,47.6,0.5,8.6,52.4,1452,691,"✅ Fixed"
"1000","N = 1000",".200","Model 2",0.407,1,".10, .30, .60","0.5",498,4.6,0.8,0.6,6,4.1,0.9,0.5,5.5,653,617,"✅ Fixed"
"1000","N = 1000",".200","Model 3",0.407,1,".10, .30, .60","0.5",500,20.8,0.2,0.6,21.6,21.2,0.3,0.6,21.8,797,623,"✅ Fixed"
"1000","N = 1000",".200","Model 1",0.407,1,".10, .30, .60","0.7",500,53,0.4,11.2,59,50.9,0.5,11.5,56.7,1721,745,"✅ Fixed"
"1000","N = 1000",".200","Model 2",0.407,1,".10, .30, .60","0.7",499,5.4,0.8,0.4,6.4,4.9,0.8,0.5,5.9,657,618,"✅ Fixed"
"1000","N = 1000",".200","Model 3",0.407,1,".10, .30, .60","0.7",499,21.4,0.2,0.4,21.8,23.7,0.3,0.4,24.1,797,605,"✅ Fixed"
"1000","N = 1000",".200","Model 1",0.407,1,".10, .30, .60","0.9",500,56.2,0.2,17.6,63,55,0.3,17.1,62.2,1978,747,"✅ Fixed"
"1000","N = 1000",".200","Model 2",0.407,1,".10, .30, .60","0.9",497,10.7,0.2,1.2,12.1,11.6,0.1,1,12.8,698,609,"✅ Fixed"
"1000","N = 1000",".200","Model 3",0.407,1,".10, .30, .60","0.9",500,37.2,0,0.2,37.2,39.6,0,0.1,39.6,1021,617,"✅ Fixed"
"1000","N = 1000",".200","Model 1",0.407,1,".10, .30, .60","A",500,40,1.4,30.4,60,40.2,1.8,26.3,56.8,1979,854,"✅ Fixed"
"1000","N = 1000",".200","Model 2",0.407,1,".10, .30, .60","A",498,5.2,1,1,7.2,4.9,0.9,0.9,6.6,698,652,"✅ Fixed"
"1000","N = 1000",".200","Model 3",0.407,1,".10, .30, .60","A",500,24,0.2,3.2,25.6,25.1,0.2,3.1,26.4,1021,751,"✅ Fixed"
"1000","N = 1000",".200","Model 1",0.407,1,".10, .30, .60","B",500,47,0.4,12.6,54.4,44.7,0.3,11.1,50.6,1979,978,"✅ Fixed"
"1000","N = 1000",".200","Model 2",0.407,1,".10, .30, .60","B",499,5,0.2,1.2,6.4,4.3,0.1,1,5.4,701,663,"✅ Fixed"
"1000","N = 1000",".200","Model 3",0.407,1,".10, .30, .60","B",499,21,0,0.4,21.4,20.9,0,0.8,21.5,1020,801,"✅ Fixed"
"1000","N = 1000",".200","Model 1",0.407,1,".10, .30, .60","C",500,44.8,1.2,14.4,52.8,45,0.6,13.3,52.8,1979,935,"✅ Fixed"
"1000","N = 1000",".200","Model 2",0.407,1,".10, .30, .60","C",500,5.6,0.2,0.6,6.4,5.4,0.1,0.4,6,702,660,"✅ Fixed"
"1000","N = 1000",".200","Model 3",0.407,1,".10, .30, .60","C",500,22.8,0,1.8,24,22.2,0,1.3,23.1,1021,785,"✅ Fixed"
"1000","N = 1000",".200","Model 1",0.407,1,".10, .30, .60","D",500,45.8,0.8,16.2,52.8,46.3,1.2,15.5,54.7,1978,897,"✅ Fixed"
"1000","N = 1000",".200","Model 2",0.407,1,".10, .30, .60","D",499,7,0.2,0,7.2,6.9,0.1,0,7,699,650,"✅ Fixed"
"1000","N = 1000",".200","Model 3",0.407,1,".10, .30, .60","D",499,17.8,0,2.2,19.4,18.5,0,2.3,20.5,1019,810,"✅ Fixed"
"1000","N = 1000",".200","Model 1",0.407,2,".33, .33, .33","0.3",500,49.2,0.8,4.2,51.8,50.6,0.4,5,53.2,1400,655,"✅ Fixed"
"1000","N = 1000",".200","Model 2",0.407,2,".33, .33, .33","0.3",497,9.5,1,0.4,10.9,10,0.7,0.3,11.1,687,611,"✅ Fixed"
"1000","N = 1000",".200","Model 3",0.407,2,".33, .33, .33","0.3",500,27.2,0,0,27.2,26.5,0,0,26.5,864,635,"✅ Fixed"
"1000","N = 1000",".200","Model 1",0.407,2,".33, .33, .33","0.5",500,52,0.2,3.2,54.2,51.8,0.3,3.4,53.8,1492,689,"✅ Fixed"
"1000","N = 1000",".200","Model 2",0.407,2,".33, .33, .33","0.5",498,10.4,1,0.4,11.8,9,0.7,0.4,10.2,698,627,"✅ Fixed"
"1000","N = 1000",".200","Model 3",0.407,2,".33, .33, .33","0.5",500,32.2,0,0,32.2,30.6,0,0.1,30.6,936,650,"✅ Fixed"
"1000","N = 1000",".200","Model 1",0.407,2,".33, .33, .33","0.7",500,58.8,0.4,3.6,60.2,53.5,0.3,3.9,55.2,1792,802,"✅ Fixed"
"1000","N = 1000",".200","Model 2",0.407,2,".33, .33, .33","0.7",498,14.1,0.2,0.4,14.7,12.2,0.3,0.4,12.8,724,631,"✅ Fixed"
"1000","N = 1000",".200","Model 3",0.407,2,".33, .33, .33","0.7",500,24.8,0,0,24.8,25.4,0,0,25.4,834,622,"✅ Fixed"
"1000","N = 1000",".200","Model 1",0.407,2,".33, .33, .33","0.9",497,55.1,0.2,5.6,57.9,54.1,0.2,7,57.3,1650,704,"✅ Fixed"
"1000","N = 1000",".200","Model 2",0.407,2,".33, .33, .33","0.9",498,16.1,0.8,0.2,16.9,16.8,0.8,0.1,17.6,743,612,"✅ Fixed"
"1000","N = 1000",".200","Model 3",0.407,2,".33, .33, .33","0.9",500,30.8,0,0,30.8,33.7,0,0.1,33.8,914,605,"✅ Fixed"
"1000","N = 1000",".200","Model 1",0.407,2,".33, .33, .33","A",500,47,2.4,22.2,59,47.7,2.1,22.1,60,1654,661,"✅ Fixed"
"1000","N = 1000",".200","Model 2",0.407,2,".33, .33, .33","A",500,8.4,0.2,0.2,8.8,7.9,0.5,0.1,8.6,743,679,"✅ Fixed"
"1000","N = 1000",".200","Model 3",0.407,2,".33, .33, .33","A",500,30,0.2,0,30.2,29.7,0.1,0,29.8,915,642,"✅ Fixed"
"1000","N = 1000",".200","Model 1",0.407,2,".33, .33, .33","B",500,51.2,0.2,8.6,55.6,50.9,0.5,7.6,54.8,1654,747,"✅ Fixed"
"1000","N = 1000",".200","Model 2",0.407,2,".33, .33, .33","B",498,10.4,0.6,0.2,11.2,11.7,0.5,0.1,12.4,743,651,"✅ Fixed"
"1000","N = 1000",".200","Model 3",0.407,2,".33, .33, .33","B",500,25.6,0.2,0.2,25.8,25.6,0.2,0.2,25.9,914,677,"✅ Fixed"
"1000","N = 1000",".200","Model 1",0.407,2,".33, .33, .33","C",500,53.6,0.2,8.8,58.4,54.1,0.5,7.9,58.1,1654,693,"✅ Fixed"
"1000","N = 1000",".200","Model 2",0.407,2,".33, .33, .33","C",498,11.8,0.2,0.8,12.9,13.2,0.1,0.8,14.1,744,639,"✅ Fixed"
"1000","N = 1000",".200","Model 3",0.407,2,".33, .33, .33","C",500,23.6,0.2,0,23.8,24.6,0.1,0,24.7,915,689,"✅ Fixed"
"1000","N = 1000",".200","Model 1",0.407,2,".33, .33, .33","D",500,57.6,0.8,9.8,62.4,55,0.5,8.2,58.9,1654,680,"✅ Fixed"
"1000","N = 1000",".200","Model 2",0.407,2,".33, .33, .33","D",499,11.4,0.2,0.4,12,12.2,0.1,0.4,12.8,744,649,"✅ Fixed"
"1000","N = 1000",".200","Model 3",0.407,2,".33, .33, .33","D",500,23.6,0.8,2.6,25.8,23.3,0.5,2.4,25,915,686,"✅ Fixed"
"1000","N = 1000",".200","Model 1",0.407,3,".60, .30, .10","0.3",499,45.1,0.2,12.6,51.1,45.3,0.2,12.6,52,1368,656,"✅ Fixed"
"1000","N = 1000",".200","Model 2",0.407,3,".60, .30, .10","0.3",497,12.7,0.4,0.4,13.5,12.3,0.4,0.4,13.1,709,616,"✅ Fixed"
"1000","N = 1000",".200","Model 3",0.407,3,".60, .30, .10","0.3",498,24.1,0,0,24.1,23.9,0,0,23.9,821,625,"✅ Fixed"
"1000","N = 1000",".200","Model 1",0.407,3,".60, .30, .10","0.5",498,44,0.2,11.2,49.8,44.3,0.2,12.6,51.3,1322,644,"✅ Fixed"
"1000","N = 1000",".200","Model 2",0.407,3,".60, .30, .10","0.5",498,11,0.2,0,11.2,11,0.1,0,11.1,694,617,"✅ Fixed"
"1000","N = 1000",".200","Model 3",0.407,3,".60, .30, .10","0.5",499,24.4,0,0.2,24.6,24.2,0,0.2,24.5,829,626,"✅ Fixed"
"1000","N = 1000",".200","Model 1",0.407,3,".60, .30, .10","0.7",494,52,0.2,12.3,57.7,47,0.4,13.3,53.8,1618,747,"✅ Fixed"
"1000","N = 1000",".200","Model 2",0.407,3,".60, .30, .10","0.7",498,13.9,0.2,0,14.1,13.1,0.3,0,13.3,716,621,"✅ Fixed"
"1000","N = 1000",".200","Model 3",0.407,3,".60, .30, .10","0.7",500,28,0,0.8,28.8,28.4,0,0.5,28.9,886,630,"✅ Fixed"
"1000","N = 1000",".200","Model 1",0.407,3,".60, .30, .10","0.9",493,49.1,0,16.6,57.4,47.5,0,18,56.5,1593,693,"✅ Fixed"
"1000","N = 1000",".200","Model 2",0.407,3,".60, .30, .10","0.9",498,13.5,0.2,0.2,13.9,12.9,0.1,0.1,13.1,715,621,"✅ Fixed"
"1000","N = 1000",".200","Model 3",0.407,3,".60, .30, .10","0.9",500,28.6,0,0,28.6,26.5,0,0.2,26.8,882,646,"✅ Fixed"
"1000","N = 1000",".200","Model 1",0.407,3,".60, .30, .10","A",499,49.9,2.8,41.5,71.3,49.9,1.9,39.2,69.1,1615,499,"⚠️ Additional Runs Required"
"1000","N = 1000",".200","Model 2",0.407,3,".60, .30, .10","A",495,10.7,0,0.6,11.3,10.7,0,0.4,11.1,712,633,"✅ Fixed"
"1000","N = 1000",".200","Model 3",0.407,3,".60, .30, .10","A",498,22.9,0,0.2,23.1,21.7,0,0.1,21.8,879,687,"✅ Fixed"
"1000","N = 1000",".200","Model 1",0.407,3,".60, .30, .10","B",499,45.1,0.2,15.4,53.7,45.2,0.4,15.1,53.4,1611,751,"✅ Fixed"
"1000","N = 1000",".200","Model 2",0.407,3,".60, .30, .10","B",497,14.7,0.2,0.2,15.1,13.7,0.1,0.3,14.1,714,613,"✅ Fixed"
"1000","N = 1000",".200","Model 3",0.407,3,".60, .30, .10","B",500,23.4,0,0,23.4,22.3,0,0.1,22.3,883,686,"✅ Fixed"
"1000","N = 1000",".200","Model 1",0.407,3,".60, .30, .10","C",499,43.1,0.2,16.4,52.3,43,0.6,15.8,51.9,1612,775,"✅ Fixed"
"1000","N = 1000",".200","Model 2",0.407,3,".60, .30, .10","C",498,12.4,0.6,0.6,13.7,13,0.4,0.4,13.9,713,614,"✅ Fixed"
"1000","N = 1000",".200","Model 3",0.407,3,".60, .30, .10","C",499,23.4,0.2,0.2,23.6,21.4,0.3,0.2,21.7,880,689,"✅ Fixed"
"1000","N = 1000",".200","Model 1",0.407,3,".60, .30, .10","D",499,46.1,1.2,16.6,55.5,44.7,0.6,16.4,54.5,1612,733,"✅ Fixed"
"1000","N = 1000",".200","Model 2",0.407,3,".60, .30, .10","D",498,11.6,0.2,0.6,12,12.3,0.6,0.4,12.8,716,624,"✅ Fixed"
"1000","N = 1000",".200","Model 3",0.407,3,".60, .30, .10","D",499,20.6,0.4,0.4,21.4,21.2,0.3,0.3,21.8,882,690,"✅ Fixed"
"1000","N = 1000",".800","Model 1",3.179,1,".10, .30, .60","0.3",499,46.5,1.6,20.8,59.1,48.5,0.6,20,59.3,1722,700,"✅ Fixed"
"1000","N = 1000",".800","Model 2",3.179,1,".10, .30, .60","0.3",497,7.4,0.4,1,8.9,7.7,0.3,0.7,8.8,672,613,"✅ Fixed"
"1000","N = 1000",".800","Model 3",3.179,1,".10, .30, .60","0.3",498,22.1,0,6.6,26.9,22.1,0,7.5,27.6,855,619,"✅ Fixed"
"1000","N = 1000",".800","Model 1",3.179,1,".10, .30, .60","0.5",500,53.8,0.2,21.8,62.2,52.1,0.6,21.8,63.2,1919,706,"✅ Fixed"
"1000","N = 1000",".800","Model 2",3.179,1,".10, .30, .60","0.5",497,9.9,0,1.6,11.3,10.4,0.1,1.3,11.7,691,610,"✅ Fixed"
"1000","N = 1000",".800","Model 3",3.179,1,".10, .30, .60","0.5",500,23.4,0,5,27.2,23.2,0,4.3,26.7,865,634,"✅ Fixed"
"1000","N = 1000",".800","Model 1",3.179,1,".10, .30, .60","0.7",500,57.4,0.4,27.2,70.6,54.6,0.3,26.8,67.5,2773,901,"✅ Fixed"
"1000","N = 1000",".800","Model 2",3.179,1,".10, .30, .60","0.7",500,14.4,0.2,3.6,18,13.3,0.1,2.6,16,758,637,"✅ Fixed"
"1000","N = 1000",".800","Model 3",3.179,1,".10, .30, .60","0.7",500,25.8,0,2.8,28.2,26.8,0,2.2,28.5,878,628,"✅ Fixed"
"1000","N = 1000",".800","Model 1",3.179,1,".10, .30, .60","0.9",500,63.6,0.2,36.4,77.8,61.2,0.2,34.4,74.9,4511,1134,"✅ Fixed"
"1000","N = 1000",".800","Model 2",3.179,1,".10, .30, .60","0.9",499,13,0.2,2.6,15.8,12.4,0.1,2.7,15.2,735,623,"✅ Fixed"
"1000","N = 1000",".800","Model 3",3.179,1,".10, .30, .60","0.9",500,30.8,0,1.4,32,30.8,0,1.2,31.6,933,638,"✅ Fixed"
"1000","N = 1000",".800","Model 1",3.179,1,".10, .30, .60","A",499,42.3,1.8,32.5,63.1,39.5,2.1,34.9,63,4515,1671,"✅ Fixed"
"1000","N = 1000",".800","Model 2",3.179,1,".10, .30, .60","A",493,9.3,0.8,1,11.2,8.7,0.6,1.2,10.5,723,647,"✅ Fixed"
"1000","N = 1000",".800","Model 3",3.179,1,".10, .30, .60","A",500,25.8,0.2,3.2,28.4,24,0.1,4.6,27.6,932,675,"✅ Fixed"
"1000","N = 1000",".800","Model 1",3.179,1,".10, .30, .60","B",500,48.8,0.8,16.8,58.4,49,0.7,17.8,58.9,4518,1857,"✅ Fixed"
"1000","N = 1000",".800","Model 2",3.179,1,".10, .30, .60","B",498,8.2,0.2,2.8,11.2,8.4,0.3,2.2,10.9,735,655,"✅ Fixed"
"1000","N = 1000",".800","Model 3",3.179,1,".10, .30, .60","B",497,18.7,0,9.7,27,19.2,0.2,8.9,26.6,930,683,"✅ Fixed"
"1000","N = 1000",".800","Model 1",3.179,1,".10, .30, .60","C",500,46.4,1,17.2,56.8,49.1,0.7,17.8,58.4,4519,1878,"✅ Fixed"
"1000","N = 1000",".800","Model 2",3.179,1,".10, .30, .60","C",499,10.6,0.2,2.8,13.2,9.6,0.3,2.3,12,736,648,"✅ Fixed"
"1000","N = 1000",".800","Model 3",3.179,1,".10, .30, .60","C",499,20.6,0,13.8,30.3,21,0,11.5,29.3,932,659,"✅ Fixed"
"1000","N = 1000",".800","Model 1",3.179,1,".10, .30, .60","D",500,45,1.6,20,55.4,48.2,0.8,19.7,58.6,4515,1868,"✅ Fixed"
"1000","N = 1000",".800","Model 2",3.179,1,".10, .30, .60","D",500,8.4,0,2,10.2,9.5,0,3.5,12.6,737,644,"✅ Fixed"
"1000","N = 1000",".800","Model 3",3.179,1,".10, .30, .60","D",500,20.6,0,13.8,31.4,21,0,13.6,31,933,644,"✅ Fixed"
"1000","N = 1000",".800","Model 1",3.179,2,".33, .33, .33","0.3",500,61.4,0.2,8,64.4,59.8,0.5,8.9,64,2088,752,"✅ Fixed"
"1000","N = 1000",".800","Model 2",3.179,2,".33, .33, .33","0.3",499,20,0.2,0,20.2,20,0.1,0,20.1,780,623,"✅ Fixed"
"1000","N = 1000",".800","Model 3",3.179,2,".33, .33, .33","0.3",500,30.4,0,0,30.4,31.7,0,0.3,31.9,908,618,"✅ Fixed"
"1000","N = 1000",".800","Model 1",3.179,2,".33, .33, .33","0.5",500,55.6,0.4,8.4,59.6,57.2,0.3,9.1,62,1756,668,"✅ Fixed"
"1000","N = 1000",".800","Model 2",3.179,2,".33, .33, .33","0.5",498,19.9,0,0,19.9,19.3,0,0,19.3,773,624,"✅ Fixed"
"1000","N = 1000",".800","Model 3",3.179,2,".33, .33, .33","0.5",500,31.8,0,0.4,32.2,31.6,0,0.3,31.9,935,637,"✅ Fixed"
"1000","N = 1000",".800","Model 1",3.179,2,".33, .33, .33","0.7",500,61,0.2,13.2,66.2,58.8,0.4,12.3,64.3,2244,800,"✅ Fixed"
"1000","N = 1000",".800","Model 2",3.179,2,".33, .33, .33","0.7",499,21.6,0.2,0,21.8,22.1,0.1,0,22.2,797,620,"✅ Fixed"
"1000","N = 1000",".800","Model 3",3.179,2,".33, .33, .33","0.7",500,34,0,0.2,34,36.9,0,0.2,37,964,607,"✅ Fixed"
"1000","N = 1000",".800","Model 1",3.179,2,".33, .33, .33","0.9",497,66,0,17.9,72,62,0.2,17.8,68.8,2967,926,"✅ Fixed"
"1000","N = 1000",".800","Model 2",3.179,2,".33, .33, .33","0.9",499,25.7,0,0,25.7,27.3,0,0,27.3,843,613,"✅ Fixed"
"1000","N = 1000",".800","Model 3",3.179,2,".33, .33, .33","0.9",500,37,0,0.2,37.2,38.6,0,0.1,38.7,1021,626,"✅ Fixed"
"1000","N = 1000",".800","Model 1",3.179,2,".33, .33, .33","A",499,50.3,2.6,26.7,65.5,51.7,2.1,26.8,66.4,2978,1000,"✅ Fixed"
"1000","N = 1000",".800","Model 2",3.179,2,".33, .33, .33","A",494,22.7,0.4,0,23.1,20.8,0.2,0,21,838,662,"✅ Fixed"
"1000","N = 1000",".800","Model 3",3.179,2,".33, .33, .33","A",500,29.2,0,0.2,29.2,30.2,0,0.5,30.5,1021,710,"✅ Fixed"
"1000","N = 1000",".800","Model 1",3.179,2,".33, .33, .33","B",500,56.4,0.6,9.6,61,57.7,0.5,8.7,61.8,2979,1138,"✅ Fixed"
"1000","N = 1000",".800","Model 2",3.179,2,".33, .33, .33","B",499,20,0.2,0,20.2,20.7,0.1,0,20.8,841,666,"✅ Fixed"
"1000","N = 1000",".800","Model 3",3.179,2,".33, .33, .33","B",500,27.8,0,1.2,28.8,28.8,0,0.9,29.5,1021,720,"✅ Fixed"
"1000","N = 1000",".800","Model 1",3.179,2,".33, .33, .33","C",500,55.8,1.2,8.8,60.8,56.3,0.7,9.3,60.9,2979,1166,"✅ Fixed"
"1000","N = 1000",".800","Model 2",3.179,2,".33, .33, .33","C",499,21,0,0,21,20.5,0,0,20.5,841,669,"✅ Fixed"
"1000","N = 1000",".800","Model 3",3.179,2,".33, .33, .33","C",500,27,0,3,29.6,29.1,0,2.9,31.5,1021,699,"✅ Fixed"
"1000","N = 1000",".800","Model 1",3.179,2,".33, .33, .33","D",500,55.2,0.8,8.8,59,57,0.7,9.7,61.2,2978,1154,"✅ Fixed"
"1000","N = 1000",".800","Model 2",3.179,2,".33, .33, .33","D",498,19.9,0.2,0,19.9,18.4,0.1,0.1,18.5,842,686,"✅ Fixed"
"1000","N = 1000",".800","Model 3",3.179,2,".33, .33, .33","D",500,27.2,0.2,4.8,31,29.6,0.1,5.3,33.5,1021,679,"✅ Fixed"
"1000","N = 1000",".800","Model 1",3.179,3,".60, .30, .10","0.3",497,43.7,0.6,18.1,54.5,44.9,0.3,18.1,55,1492,671,"✅ Fixed"
"1000","N = 1000",".800","Model 2",3.179,3,".60, .30, .10","0.3",497,19.5,0.2,0.4,20.1,18,0.1,0.4,18.5,773,630,"✅ Fixed"
"1000","N = 1000",".800","Model 3",3.179,3,".60, .30, .10","0.3",500,20.6,0,0,20.6,21.1,0,0,21.1,786,620,"✅ Fixed"
"1000","N = 1000",".800","Model 1",3.179,3,".60, .30, .10","0.5",499,44.7,0.2,18.6,54.7,45.4,0.3,18.4,54.8,1508,681,"✅ Fixed"
"1000","N = 1000",".800","Model 2",3.179,3,".60, .30, .10","0.5",499,17.4,0.6,0,17.6,18.2,0.4,0,18.4,751,613,"✅ Fixed"
"1000","N = 1000",".800","Model 3",3.179,3,".60, .30, .10","0.5",500,26.8,0,0,26.8,27.1,0,0,27.1,859,626,"✅ Fixed"
"1000","N = 1000",".800","Model 1",3.179,3,".60, .30, .10","0.7",500,52.8,0.2,21,62.8,52.9,0.3,21.4,62.1,1962,744,"✅ Fixed"
"1000","N = 1000",".800","Model 2",3.179,3,".60, .30, .10","0.7",499,17.4,0.2,0,17.4,18.2,0.1,0,18.2,751,614,"✅ Fixed"
"1000","N = 1000",".800","Model 3",3.179,3,".60, .30, .10","0.7",500,25.2,0,0.2,25.4,25.9,0,0.2,26.1,842,622,"✅ Fixed"
"1000","N = 1000",".800","Model 1",3.179,3,".60, .30, .10","0.9",495,59.4,0.4,30.5,68.9,58.5,0.3,28.9,68.6,2498,784,"✅ Fixed"
"1000","N = 1000",".800","Model 2",3.179,3,".60, .30, .10","0.9",498,23.5,0,0.2,23.5,23.9,0,0.1,23.9,813,619,"✅ Fixed"
"1000","N = 1000",".800","Model 3",3.179,3,".60, .30, .10","0.9",500,24.8,0,0.6,25.4,24.1,0,0.5,24.6,842,635,"✅ Fixed"
"1000","N = 1000",".800","Model 1",3.179,3,".60, .30, .10","A",500,56.6,1.2,43.4,73.2,57.8,1.3,43.1,74.4,2514,644,"✅ Fixed"
"1000","N = 1000",".800","Model 2",3.179,3,".60, .30, .10","A",500,15,0,0.2,15.2,16.7,0.1,0.1,16.8,816,679,"✅ Fixed"
"1000","N = 1000",".800","Model 3",3.179,3,".60, .30, .10","A",500,22.8,0,0,22.8,22.5,0,0.1,22.5,841,652,"✅ Fixed"
"1000","N = 1000",".800","Model 1",3.179,3,".60, .30, .10","B",500,46.4,0.2,25,58.4,44.5,0.6,21.8,56.4,2509,1094,"✅ Fixed"
"1000","N = 1000",".800","Model 2",3.179,3,".60, .30, .10","B",498,17.5,0.2,0.4,17.9,15.6,0.4,0.4,16.3,812,680,"✅ Fixed"
"1000","N = 1000",".800","Model 3",3.179,3,".60, .30, .10","B",500,20.2,0,0.4,20.4,21.5,0,0.2,21.6,841,659,"✅ Fixed"
"1000","N = 1000",".800","Model 1",3.179,3,".60, .30, .10","C",498,46.4,0.4,25.1,58.8,44,0.7,23.1,56.8,2512,1086,"✅ Fixed"
"1000","N = 1000",".800","Model 2",3.179,3,".60, .30, .10","C",500,17.6,0.4,0,18,17.6,0.4,0,17.8,813,668,"✅ Fixed"
"1000","N = 1000",".800","Model 3",3.179,3,".60, .30, .10","C",500,19.2,0.2,1,20.4,19.1,0.1,0.6,19.9,841,674,"✅ Fixed"
"1000","N = 1000",".800","Model 1",3.179,3,".60, .30, .10","D",498,43.2,0.4,25.7,58.4,46.6,0.4,24.3,59.4,2513,1020,"✅ Fixed"
"1000","N = 1000",".800","Model 2",3.179,3,".60, .30, .10","D",500,14.6,0,0.4,14.8,15.1,0,0.4,15.3,815,690,"✅ Fixed"
"1000","N = 1000",".800","Model 3",3.179,3,".60, .30, .10","D",500,21.4,0,4,24.6,21.8,0,3.6,24.6,841,634,"✅ Fixed"
"2500","N = 2500",".200","Model 1",0.407,1,".10, .30, .60","0.3",500,46,0,0.4,46.4,46.2,0,0.3,46.5,1229,658,"✅ Fixed"
"2500","N = 2500",".200","Model 2",0.407,1,".10, .30, .60","0.3",500,3.8,0,0,3.8,4.2,0,0,4.2,641,614,"✅ Fixed"
"2500","N = 2500",".200","Model 3",0.407,1,".10, .30, .60","0.3",500,13.8,0,0,13.8,13.9,0,0,13.9,720,620,"✅ Fixed"
"2500","N = 2500",".200","Model 1",0.407,1,".10, .30, .60","0.5",500,46.2,0.4,0.2,46.6,47.4,0.2,0.2,47.7,1235,646,"✅ Fixed"
"2500","N = 2500",".200","Model 2",0.407,1,".10, .30, .60","0.5",499,4.8,0.2,0,5,4,0.3,0,4.3,649,621,"✅ Fixed"
"2500","N = 2500",".200","Model 3",0.407,1,".10, .30, .60","0.5",500,18.2,0,0,18.2,17.3,0,0,17.3,762,630,"✅ Fixed"
"2500","N = 2500",".200","Model 1",0.407,1,".10, .30, .60","0.7",500,51.6,0.2,1.4,52.2,51,0.1,1.1,51.5,1414,686,"✅ Fixed"
"2500","N = 2500",".200","Model 2",0.407,1,".10, .30, .60","0.7",500,6.4,0,0,6.4,7.3,0,0,7.3,660,612,"✅ Fixed"
"2500","N = 2500",".200","Model 3",0.407,1,".10, .30, .60","0.7",500,23.6,0,0,23.6,25.9,0,0,25.9,820,608,"✅ Fixed"
"2500","N = 2500",".200","Model 1",0.407,1,".10, .30, .60","0.9",500,55.8,0,8,58.8,53.2,0.2,8.3,56.9,1708,736,"✅ Fixed"
"2500","N = 2500",".200","Model 2",0.407,1,".10, .30, .60","0.9",500,7,0.6,0,7.6,6.7,0.4,0.1,7.3,670,621,"✅ Fixed"
"2500","N = 2500",".200","Model 3",0.407,1,".10, .30, .60","0.9",500,39.4,0.2,0,39.6,39.6,0.3,0,39.8,1068,643,"✅ Fixed"
"2500","N = 2500",".200","Model 1",0.407,1,".10, .30, .60","A",500,45.2,3.8,13.8,55.4,43.1,2.9,12.3,52.3,1711,817,"✅ Fixed"
"2500","N = 2500",".200","Model 2",0.407,1,".10, .30, .60","A",500,3.8,0.2,0,4,3.7,0.1,0,3.9,670,644,"✅ Fixed"
"2500","N = 2500",".200","Model 3",0.407,1,".10, .30, .60","A",500,22,0,0,22,22,0,0,22,1068,833,"✅ Fixed"
"2500","N = 2500",".200","Model 1",0.407,1,".10, .30, .60","B",500,50.2,0.4,0,50.6,48.3,0.1,0.2,48.6,1711,879,"✅ Fixed"
"2500","N = 2500",".200","Model 2",0.407,1,".10, .30, .60","B",499,6,0,0,6,5.7,0,0,5.7,669,631,"✅ Fixed"
"2500","N = 2500",".200","Model 3",0.407,1,".10, .30, .60","B",500,22.4,0,0,22.4,22.7,0,0,22.7,1068,826,"✅ Fixed"
"2500","N = 2500",".200","Model 1",0.407,1,".10, .30, .60","C",500,47.6,0,0.6,48,49.7,0.2,0.5,50.1,1711,853,"✅ Fixed"
"2500","N = 2500",".200","Model 2",0.407,1,".10, .30, .60","C",500,7.6,0,0,7.6,7.6,0,0,7.6,670,619,"✅ Fixed"
"2500","N = 2500",".200","Model 3",0.407,1,".10, .30, .60","C",499,22,0,0,22,22.2,0,0,22.2,1067,830,"✅ Fixed"
"2500","N = 2500",".200","Model 1",0.407,1,".10, .30, .60","D",500,51,0,2.2,52.2,48.9,0.1,1.3,49.6,1711,862,"✅ Fixed"
"2500","N = 2500",".200","Model 2",0.407,1,".10, .30, .60","D",499,4.6,0,0,4.6,5.1,0,0,5.1,669,635,"✅ Fixed"
"2500","N = 2500",".200","Model 3",0.407,1,".10, .30, .60","D",500,21.4,0,0,21.4,22.2,0,0,22.2,1068,831,"✅ Fixed"
"2500","N = 2500",".200","Model 1",0.407,2,".33, .33, .33","0.3",500,54,0,0,54,52.6,0.1,0.1,52.8,1484,701,"✅ Fixed"
"2500","N = 2500",".200","Model 2",0.407,2,".33, .33, .33","0.3",500,9.2,0,0,9.2,9.1,0,0,9.1,682,620,"✅ Fixed"
"2500","N = 2500",".200","Model 3",0.407,2,".33, .33, .33","0.3",500,26.2,0,0,26.2,27,0,0,27,852,622,"✅ Fixed"
"2500","N = 2500",".200","Model 1",0.407,2,".33, .33, .33","0.5",500,56.4,0,0,56.4,55.8,0,0,55.8,1589,703,"✅ Fixed"
"2500","N = 2500",".200","Model 2",0.407,2,".33, .33, .33","0.5",500,9,0,0,9,9.4,0,0,9.4,680,616,"✅ Fixed"
"2500","N = 2500",".200","Model 3",0.407,2,".33, .33, .33","0.5",500,28,0,0,28,28.7,0,0,28.7,875,624,"✅ Fixed"
"2500","N = 2500",".200","Model 1",0.407,2,".33, .33, .33","0.7",500,58.8,0,0.2,59,56.3,0.1,0.1,56.4,1722,751,"✅ Fixed"
"2500","N = 2500",".200","Model 2",0.407,2,".33, .33, .33","0.7",499,12.6,0,0,12.6,13.7,0,0,13.7,708,611,"✅ Fixed"
"2500","N = 2500",".200","Model 3",0.407,2,".33, .33, .33","0.7",500,29.2,0.2,0,29.4,29.8,0.1,0,29.9,894,627,"✅ Fixed"
"2500","N = 2500",".200","Model 1",0.407,2,".33, .33, .33","0.9",500,48.6,0.4,0.6,48.8,49.5,0.2,0.8,49.8,1298,651,"✅ Fixed"
"2500","N = 2500",".200","Model 2",0.407,2,".33, .33, .33","0.9",500,15.6,0,0,15.6,15.5,0,0,15.5,737,623,"✅ Fixed"
"2500","N = 2500",".200","Model 3",0.407,2,".33, .33, .33","0.9",500,37.2,0,0,37.2,37.6,0,0,37.6,1021,637,"✅ Fixed"
"2500","N = 2500",".200","Model 1",0.407,2,".33, .33, .33","A",500,47.8,4.8,17.8,59.4,48.9,3.4,18.6,60.4,1299,515,"✅ Fixed"
"2500","N = 2500",".200","Model 2",0.407,2,".33, .33, .33","A",497,10.1,0.2,0,10.3,9,0.3,0,9.3,732,664,"✅ Fixed"
"2500","N = 2500",".200","Model 3",0.407,2,".33, .33, .33","A",500,33,0,0,33,29.8,0,0,29.8,1021,717,"✅ Fixed"
"2500","N = 2500",".200","Model 1",0.407,2,".33, .33, .33","B",500,52.4,0.4,0.8,53,54.1,0.3,0.9,54.9,1299,586,"✅ Fixed"
"2500","N = 2500",".200","Model 2",0.407,2,".33, .33, .33","B",500,8.2,0,0,8.2,8.7,0,0,8.7,737,673,"✅ Fixed"
"2500","N = 2500",".200","Model 3",0.407,2,".33, .33, .33","B",500,26.8,0,0,26.8,27.2,0,0,27.2,1021,743,"✅ Fixed"
"2500","N = 2500",".200","Model 1",0.407,2,".33, .33, .33","C",500,59.6,0.2,0,59.8,57.4,0.2,0.3,57.6,1299,551,"✅ Fixed"
"2500","N = 2500",".200","Model 2",0.407,2,".33, .33, .33","C",500,11,0,0,11,9.9,0,0,9.9,737,664,"✅ Fixed"
"2500","N = 2500",".200","Model 3",0.407,2,".33, .33, .33","C",500,27.8,0.2,0,28,26.5,0.1,0,26.6,1021,749,"✅ Fixed"
"2500","N = 2500",".200","Model 1",0.407,2,".33, .33, .33","D",500,58,0.2,0.6,58.4,58.3,0.4,0.5,58.7,1299,537,"✅ Fixed"
"2500","N = 2500",".200","Model 2",0.407,2,".33, .33, .33","D",500,7,0.2,0,7.2,7.3,0.1,0,7.5,737,682,"✅ Fixed"
"2500","N = 2500",".200","Model 3",0.407,2,".33, .33, .33","D",500,21.6,0,0,21.6,21.4,0,0,21.4,1021,802,"✅ Fixed"
"2500","N = 2500",".200","Model 1",0.407,3,".60, .30, .10","0.3",500,47.4,0,1.8,48.2,48.9,0.1,1.8,49.6,1281,645,"✅ Fixed"
"2500","N = 2500",".200","Model 2",0.407,3,".60, .30, .10","0.3",499,11,0,0,11,9.8,0,0,9.8,692,624,"✅ Fixed"
"2500","N = 2500",".200","Model 3",0.407,3,".60, .30, .10","0.3",499,20.2,0,0,20.2,22.3,0,0,22.3,780,606,"✅ Fixed"
"2500","N = 2500",".200","Model 1",0.407,3,".60, .30, .10","0.5",499,48.7,0,1.6,49.3,49.4,0,2.3,50.6,1311,647,"✅ Fixed"
"2500","N = 2500",".200","Model 2",0.407,3,".60, .30, .10","0.5",500,9.6,0,0,9.6,9.8,0,0,9.8,685,618,"✅ Fixed"
"2500","N = 2500",".200","Model 3",0.407,3,".60, .30, .10","0.5",500,27,0,0,27,26.1,0,0,26.1,862,637,"✅ Fixed"
"2500","N = 2500",".200","Model 1",0.407,3,".60, .30, .10","0.7",500,50.6,0.2,4,52.6,50,0.1,3.4,51.7,1428,690,"✅ Fixed"
"2500","N = 2500",".200","Model 2",0.407,3,".60, .30, .10","0.7",500,9.2,0,0,9.2,8.8,0,0,8.8,682,622,"✅ Fixed"
"2500","N = 2500",".200","Model 3",0.407,3,".60, .30, .10","0.7",500,27.6,0,0,27.6,26.4,0,0,26.4,870,640,"✅ Fixed"
"2500","N = 2500",".200","Model 1",0.407,3,".60, .30, .10","0.9",492,53.9,0,9.8,58.5,53.4,0.1,8.8,56.9,1649,711,"✅ Fixed"
"2500","N = 2500",".200","Model 2",0.407,3,".60, .30, .10","0.9",500,9.6,0,0,9.6,10.7,0,0,10.7,685,612,"✅ Fixed"
"2500","N = 2500",".200","Model 3",0.407,3,".60, .30, .10","0.9",500,28.2,0,0,28.2,28.6,0,0,28.6,878,627,"✅ Fixed"
"2500","N = 2500",".200","Model 1",0.407,3,".60, .30, .10","A",500,47.6,2.6,29,62.2,43.6,2.2,27.8,59.5,1669,676,"✅ Fixed"
"2500","N = 2500",".200","Model 2",0.407,3,".60, .30, .10","A",499,9.8,0,0,9.8,10.1,0,0,10.1,684,615,"✅ Fixed"
"2500","N = 2500",".200","Model 3",0.407,3,".60, .30, .10","A",500,23,0,0,23,23,0,0,23,878,676,"✅ Fixed"
"2500","N = 2500",".200","Model 1",0.407,3,".60, .30, .10","B",500,44.6,0,1.6,45.2,46.5,0.2,1.6,47.6,1669,875,"✅ Fixed"
"2500","N = 2500",".200","Model 2",0.407,3,".60, .30, .10","B",499,9,0,0,9,10.1,0,0,10.1,684,615,"✅ Fixed"
"2500","N = 2500",".200","Model 3",0.407,3,".60, .30, .10","B",500,24.8,0,0,24.8,23.6,0,0,23.6,878,671,"✅ Fixed"
"2500","N = 2500",".200","Model 1",0.407,3,".60, .30, .10","C",500,42.2,0,3.2,43.6,45.8,0.1,2.4,46.8,1668,887,"✅ Fixed"
"2500","N = 2500",".200","Model 2",0.407,3,".60, .30, .10","C",498,9,0.2,0,9,9.4,0.1,0,9.4,683,619,"✅ Fixed"
"2500","N = 2500",".200","Model 3",0.407,3,".60, .30, .10","C",500,20.4,0,0,20.4,20.2,0,0,20.2,878,701,"✅ Fixed"
"2500","N = 2500",".200","Model 1",0.407,3,".60, .30, .10","D",499,46.1,0.4,4,48.5,47,0.3,3.5,49,1667,850,"✅ Fixed"
"2500","N = 2500",".200","Model 2",0.407,3,".60, .30, .10","D",499,11.8,0,0,11.8,11,0,0,11,684,609,"✅ Fixed"
"2500","N = 2500",".200","Model 3",0.407,3,".60, .30, .10","D",499,18.8,0.2,0,19,20.4,0.1,0,20.5,876,696,"✅ Fixed"
"2500","N = 2500",".800","Model 1",3.179,1,".10, .30, .60","0.3",499,53.5,0,5,55.9,52.6,0.1,6.8,56.6,1561,677,"✅ Fixed"
"2500","N = 2500",".800","Model 2",3.179,1,".10, .30, .60","0.3",499,9.6,0,0,9.6,9.4,0,0,9.4,683,619,"✅ Fixed"
"2500","N = 2500",".800","Model 3",3.179,1,".10, .30, .60","0.3",500,24.2,0,2.4,26,22.5,0,2,24.1,849,644,"✅ Fixed"
"2500","N = 2500",".800","Model 1",3.179,1,".10, .30, .60","0.5",500,58.4,0.2,6.6,61.4,53.2,0.1,6.7,56.5,1867,813,"✅ Fixed"
"2500","N = 2500",".800","Model 2",3.179,1,".10, .30, .60","0.5",499,7.2,0,0,7.2,8,0,0,8,664,611,"✅ Fixed"
"2500","N = 2500",".800","Model 3",3.179,1,".10, .30, .60","0.5",500,20.8,0,2,22.6,23.5,0,1.9,25.1,809,606,"✅ Fixed"
"2500","N = 2500",".800","Model 1",3.179,1,".10, .30, .60","0.7",499,52.7,0,14.6,61.9,54,0.2,12.6,60.8,1893,742,"✅ Fixed"
"2500","N = 2500",".800","Model 2",3.179,1,".10, .30, .60","0.7",500,11.4,0,0.4,11.8,11.1,0,0.4,11.5,703,622,"✅ Fixed"
"2500","N = 2500",".800","Model 3",3.179,1,".10, .30, .60","0.7",500,25.2,0,0.8,25.8,25.4,0,0.6,25.9,847,628,"✅ Fixed"
"2500","N = 2500",".800","Model 1",3.179,1,".10, .30, .60","0.9",500,66,0.8,21.2,74.8,67,0.3,22.1,74.8,3568,898,"✅ Fixed"
"2500","N = 2500",".800","Model 2",3.179,1,".10, .30, .60","0.9",500,9.6,0,0.2,9.8,9.9,0,0.3,10.2,687,617,"✅ Fixed"
"2500","N = 2500",".800","Model 3",3.179,1,".10, .30, .60","0.9",500,33.6,0,0,33.6,33.3,0,0,33.3,958,639,"✅ Fixed"
"2500","N = 2500",".800","Model 1",3.179,1,".10, .30, .60","A",500,38.6,4.2,25,58,37.7,3.5,25.2,56.3,3576,1563,"✅ Fixed"
"2500","N = 2500",".800","Model 2",3.179,1,".10, .30, .60","A",498,8,0,0,8,8.2,0,0,8.2,684,628,"✅ Fixed"
"2500","N = 2500",".800","Model 3",3.179,1,".10, .30, .60","A",500,25,0,1,25.8,24.8,0,1,25.5,957,713,"✅ Fixed"
"2500","N = 2500",".800","Model 1",3.179,1,".10, .30, .60","B",500,51.6,0,3,53.2,50.6,0,3,52.1,3576,1712,"✅ Fixed"
"2500","N = 2500",".800","Model 2",3.179,1,".10, .30, .60","B",499,7.2,0,0,7.2,7.3,0,0,7.3,686,636,"✅ Fixed"
"2500","N = 2500",".800","Model 3",3.179,1,".10, .30, .60","B",499,18.4,0,2.8,21,20,0,3.6,22.9,955,736,"✅ Fixed"
"2500","N = 2500",".800","Model 1",3.179,1,".10, .30, .60","C",500,50,0,3.6,52.2,50.7,0,3.4,52.2,3577,1710,"✅ Fixed"
"2500","N = 2500",".800","Model 2",3.179,1,".10, .30, .60","C",500,8.8,0,0.4,8.8,8.9,0,0.4,8.9,687,626,"✅ Fixed"
"2500","N = 2500",".800","Model 3",3.179,1,".10, .30, .60","C",499,18,0,7.2,24.2,19.1,0,6.8,24.9,957,719,"✅ Fixed"
"2500","N = 2500",".800","Model 1",3.179,1,".10, .30, .60","D",500,53.2,0,3,54.8,52.3,0.1,3.2,54.2,3576,1639,"✅ Fixed"
"2500","N = 2500",".800","Model 2",3.179,1,".10, .30, .60","D",500,12.2,0,0.6,12.8,11.2,0,0.7,11.9,687,605,"✅ Fixed"
"2500","N = 2500",".800","Model 3",3.179,1,".10, .30, .60","D",500,20,0,10.2,27.6,20.9,0,10.2,28.7,957,682,"✅ Fixed"
"2500","N = 2500",".800","Model 1",3.179,2,".33, .33, .33","0.3",500,61.6,0.2,0.6,61.8,59.1,0.1,0.4,59.3,1894,771,"✅ Fixed"
"2500","N = 2500",".800","Model 2",3.179,2,".33, .33, .33","0.3",500,19.6,0,0,19.6,19.1,0,0,19.1,776,628,"✅ Fixed"
"2500","N = 2500",".800","Model 3",3.179,2,".33, .33, .33","0.3",500,31.8,0,0,31.8,32.2,0,0,32.2,930,631,"✅ Fixed"
"2500","N = 2500",".800","Model 1",3.179,2,".33, .33, .33","0.5",500,60.2,0,1,61.2,59.8,0,0.5,60.2,1854,738,"✅ Fixed"
"2500","N = 2500",".800","Model 2",3.179,2,".33, .33, .33","0.5",500,22.4,0,0,22.4,21.2,0,0,21.2,805,634,"✅ Fixed"
"2500","N = 2500",".800","Model 3",3.179,2,".33, .33, .33","0.5",500,35.4,0,0,35.4,34.9,0,0,34.9,987,643,"✅ Fixed"
"2500","N = 2500",".800","Model 1",3.179,2,".33, .33, .33","0.7",500,61.6,0.4,2.2,62.2,59.3,0.1,2.1,59.9,1921,771,"✅ Fixed"
"2500","N = 2500",".800","Model 2",3.179,2,".33, .33, .33","0.7",500,23.4,0,0,23.4,23.1,0,0,23.1,817,628,"✅ Fixed"
"2500","N = 2500",".800","Model 3",3.179,2,".33, .33, .33","0.7",500,35.8,0,0,35.8,37.8,0,0,37.8,994,618,"✅ Fixed"
"2500","N = 2500",".800","Model 1",3.179,2,".33, .33, .33","0.9",498,65.3,0.4,11,68.9,64.6,0.2,11.1,68.1,2522,805,"✅ Fixed"
"2500","N = 2500",".800","Model 2",3.179,2,".33, .33, .33","0.9",499,30.1,0,0,30.1,26.8,0,0,26.8,902,660,"✅ Fixed"
"2500","N = 2500",".800","Model 3",3.179,2,".33, .33, .33","0.9",500,38,0,0,38,38.8,0,0,38.8,1036,634,"✅ Fixed"
"2500","N = 2500",".800","Model 1",3.179,2,".33, .33, .33","A",500,49.6,2.8,19.6,60,49.2,3,22.1,63.2,2533,932,"✅ Fixed"
"2500","N = 2500",".800","Model 2",3.179,2,".33, .33, .33","A",499,17.8,0,0,17.8,18.2,0,0,18.2,901,737,"✅ Fixed"
"2500","N = 2500",".800","Model 3",3.179,2,".33, .33, .33","A",500,32.4,0,0,32.4,32.7,0,0,32.7,1036,697,"✅ Fixed"
"2500","N = 2500",".800","Model 1",3.179,2,".33, .33, .33","B",500,61.4,0,0.2,61.6,61.4,0.1,0.5,61.5,2533,975,"✅ Fixed"
"2500","N = 2500",".800","Model 2",3.179,2,".33, .33, .33","B",500,20.2,0,0,20.2,19.6,0,0,19.6,902,725,"✅ Fixed"
"2500","N = 2500",".800","Model 3",3.179,2,".33, .33, .33","B",500,29.8,0,0,29.8,29.8,0,0,29.8,1036,727,"✅ Fixed"
"2500","N = 2500",".800","Model 1",3.179,2,".33, .33, .33","C",500,58.4,0,0.6,58.4,59.2,0.1,0.5,59.4,2533,1028,"✅ Fixed"
"2500","N = 2500",".800","Model 2",3.179,2,".33, .33, .33","C",500,21.6,0,0,21.6,22.3,0,0,22.3,903,702,"✅ Fixed"
"2500","N = 2500",".800","Model 3",3.179,2,".33, .33, .33","C",500,25,0,0.2,25.2,26,0,0.2,26.2,1036,765,"✅ Fixed"
"2500","N = 2500",".800","Model 1",3.179,2,".33, .33, .33","D",500,59.2,0.4,0.6,59.8,58.3,0.2,0.4,58.7,2533,1046,"✅ Fixed"
"2500","N = 2500",".800","Model 2",3.179,2,".33, .33, .33","D",499,22,0,0,22,23.7,0,0,23.7,902,688,"✅ Fixed"
"2500","N = 2500",".800","Model 3",3.179,2,".33, .33, .33","D",500,30,0.2,2.4,31.6,30.8,0.1,2.5,32.7,1036,697,"✅ Fixed"
"2500","N = 2500",".800","Model 1",3.179,3,".60, .30, .10","0.3",500,48.6,0,2.4,49.6,47.3,0,2.3,48.4,1325,684,"✅ Fixed"
"2500","N = 2500",".800","Model 2",3.179,3,".60, .30, .10","0.3",499,14.2,0,0,14.2,15.1,0,0,15.1,722,613,"✅ Fixed"
"2500","N = 2500",".800","Model 3",3.179,3,".60, .30, .10","0.3",500,27,0,0,27,26.5,0,0,26.5,860,632,"✅ Fixed"
"2500","N = 2500",".800","Model 1",3.179,3,".60, .30, .10","0.5",500,53.8,0,2.8,55.6,50.5,0.1,3.7,52.3,1551,740,"✅ Fixed"
"2500","N = 2500",".800","Model 2",3.179,3,".60, .30, .10","0.5",500,15.4,0,0,15.4,14.7,0,0,14.7,735,627,"✅ Fixed"
"2500","N = 2500",".800","Model 3",3.179,3,".60, .30, .10","0.5",500,28.2,0,0,28.2,27,0,0,27,877,640,"✅ Fixed"
"2500","N = 2500",".800","Model 1",3.179,3,".60, .30, .10","0.7",497,48.9,0.2,7.2,52.9,49.3,0.2,7.1,52.8,1425,672,"✅ Fixed"
"2500","N = 2500",".800","Model 2",3.179,3,".60, .30, .10","0.7",500,17.8,0,0,17.8,19,0,0,19,758,614,"✅ Fixed"
"2500","N = 2500",".800","Model 3",3.179,3,".60, .30, .10","0.7",500,31,0,0,31,31.2,0,0,31.2,918,632,"✅ Fixed"
"2500","N = 2500",".800","Model 1",3.179,3,".60, .30, .10","0.9",488,62.1,0.6,17.2,66.8,61.4,0.2,17.5,66.8,2210,734,"✅ Fixed"
"2500","N = 2500",".800","Model 2",3.179,3,".60, .30, .10","0.9",498,22.1,0,0,22.1,21.1,0,0,21.1,798,630,"✅ Fixed"
"2500","N = 2500",".800","Model 3",3.179,3,".60, .30, .10","0.9",500,30.4,0,0,30.4,28.6,0,0,28.6,909,649,"✅ Fixed"
"2500","N = 2500",".800","Model 1",3.179,3,".60, .30, .10","A",500,58.2,0.8,39.6,74.4,57.5,1.7,38,72.9,2251,611,"✅ Fixed"
"2500","N = 2500",".800","Model 2",3.179,3,".60, .30, .10","A",499,15.6,0,0,15.6,15.5,0,0,15.5,799,675,"✅ Fixed"
"2500","N = 2500",".800","Model 3",3.179,3,".60, .30, .10","A",499,23,0,0,23,23.2,0,0,23.2,908,697,"✅ Fixed"
"2500","N = 2500",".800","Model 1",3.179,3,".60, .30, .10","B",500,46.8,0.2,3,48.2,46.4,0,2.9,48.1,2253,1170,"✅ Fixed"
"2500","N = 2500",".800","Model 2",3.179,3,".60, .30, .10","B",500,14.2,0,0.2,14.4,16.2,0,0.1,16.4,800,669,"✅ Fixed"
"2500","N = 2500",".800","Model 3",3.179,3,".60, .30, .10","B",500,20.6,0,0,20.6,20.9,0,0,20.9,909,719,"✅ Fixed"
"2500","N = 2500",".800","Model 1",3.179,3,".60, .30, .10","C",500,44.4,0.4,4,47.8,44.1,0.1,3.9,46.8,2254,1200,"✅ Fixed"
"2500","N = 2500",".800","Model 2",3.179,3,".60, .30, .10","C",500,14.8,0,0,14.8,13.6,0,0,13.6,799,690,"✅ Fixed"
"2500","N = 2500",".800","Model 3",3.179,3,".60, .30, .10","C",499,20.2,0,0,20.2,20.2,0,0,20.2,908,725,"✅ Fixed"
"2500","N = 2500",".800","Model 1",3.179,3,".60, .30, .10","D",500,43.2,0.4,4,46,43.5,0.1,3.8,45.6,2253,1225,"✅ Fixed"
"2500","N = 2500",".800","Model 2",3.179,3,".60, .30, .10","D",498,12.2,0,0,12.2,13.2,0,0,13.2,798,693,"✅ Fixed"
"2500","N = 2500",".800","Model 3",3.179,3,".60, .30, .10","D",500,20.2,0.2,0.6,20.8,20.8,0.1,0.6,21.3,909,715,"✅ Fixed"
"5000","N = 5000",".200","Model 1",0.407,1,".10, .30, .60","0.3",500,47.8,0,0,47.8,47.7,0,0,47.7,1269,664,"✅ Fixed"
"5000","N = 5000",".200","Model 2",0.407,1,".10, .30, .60","0.3",500,7.2,0,0,7.2,6,0,0,6,666,626,"✅ Fixed"
"5000","N = 5000",".200","Model 3",0.407,1,".10, .30, .60","0.3",500,19,0,0,19,17.7,0,0,17.7,770,634,"✅ Fixed"
"5000","N = 5000",".200","Model 1",0.407,1,".10, .30, .60","0.5",500,46.4,0,0,46.4,47.1,0,0,47.1,1229,650,"✅ Fixed"
"5000","N = 5000",".200","Model 2",0.407,1,".10, .30, .60","0.5",499,6.6,0,0,6.6,5.6,0,0,5.6,660,623,"✅ Fixed"
"5000","N = 5000",".200","Model 3",0.407,1,".10, .30, .60","0.5",500,14.6,0,0,14.6,16.3,0,0,16.3,728,609,"✅ Fixed"
"5000","N = 5000",".200","Model 1",0.407,1,".10, .30, .60","0.7",500,51.8,0,0.4,52,48.1,0.1,0.1,48.3,1407,728,"✅ Fixed"
"5000","N = 5000",".200","Model 2",0.407,1,".10, .30, .60","0.7",500,4.2,0,0,4.2,4.2,0,0,4.2,645,618,"✅ Fixed"
"5000","N = 5000",".200","Model 3",0.407,1,".10, .30, .60","0.7",500,25,0.2,0,25.2,24.7,0.1,0,24.8,839,631,"✅ Fixed"
"5000","N = 5000",".200","Model 1",0.407,1,".10, .30, .60","0.9",499,54.3,0.4,4,56.3,53.2,0.3,4.8,55.1,1577,708,"✅ Fixed"
"5000","N = 5000",".200","Model 2",0.407,1,".10, .30, .60","0.9",500,6.6,0,0,6.6,6,0.3,0,6.3,662,620,"✅ Fixed"
"5000","N = 5000",".200","Model 3",0.407,1,".10, .30, .60","0.9",500,35.8,0.4,0,35.8,35.8,0.2,0,35.8,995,639,"✅ Fixed"
"5000","N = 5000",".200","Model 1",0.407,1,".10, .30, .60","A",500,39.2,3.4,10,48,39.5,3.9,11.2,49.7,1581,796,"✅ Fixed"
"5000","N = 5000",".200","Model 2",0.407,1,".10, .30, .60","A",499,6.4,0,0,6.4,6.7,0,0,6.7,661,617,"✅ Fixed"
"5000","N = 5000",".200","Model 3",0.407,1,".10, .30, .60","A",500,17.4,0,0,17.4,17.7,0,0,17.7,995,819,"✅ Fixed"
"5000","N = 5000",".200","Model 1",0.407,1,".10, .30, .60","B",500,49.4,0,0,49.4,48.7,0,0,48.7,1581,811,"✅ Fixed"
"5000","N = 5000",".200","Model 2",0.407,1,".10, .30, .60","B",500,5.6,0,0,5.6,6,0,0,6,662,622,"✅ Fixed"
"5000","N = 5000",".200","Model 3",0.407,1,".10, .30, .60","B",500,21.2,0,0,21.2,22.3,0,0,22.3,995,773,"✅ Fixed"
"5000","N = 5000",".200","Model 1",0.407,1,".10, .30, .60","C",500,53,0,0,53,50.2,0.1,0,50.2,1581,787,"✅ Fixed"
"5000","N = 5000",".200","Model 2",0.407,1,".10, .30, .60","C",499,7,0,0,7,6.2,0,0,6.2,661,620,"✅ Fixed"
"5000","N = 5000",".200","Model 3",0.407,1,".10, .30, .60","C",500,25.6,0,0,25.6,25.1,0,0,25.1,995,745,"✅ Fixed"
"5000","N = 5000",".200","Model 1",0.407,1,".10, .30, .60","D",500,47.4,0.2,0,47.4,49.7,0.1,0.1,49.7,1581,795,"✅ Fixed"
"5000","N = 5000",".200","Model 2",0.407,1,".10, .30, .60","D",500,8,0,0,8,8,0,0,8,662,609,"✅ Fixed"
"5000","N = 5000",".200","Model 3",0.407,1,".10, .30, .60","D",500,22.8,0,0,22.8,22,0,0,22,995,776,"✅ Fixed"
"5000","N = 5000",".200","Model 1",0.407,2,".33, .33, .33","0.3",500,49.8,0,0,49.8,52.1,0,0,52.1,1331,637,"✅ Fixed"
"5000","N = 5000",".200","Model 2",0.407,2,".33, .33, .33","0.3",500,10,0,0,10,10.5,0,0,10.5,688,616,"✅ Fixed"
"5000","N = 5000",".200","Model 3",0.407,2,".33, .33, .33","0.3",500,25,0,0,25,25,0,0,25,837,628,"✅ Fixed"
"5000","N = 5000",".200","Model 1",0.407,2,".33, .33, .33","0.5",500,52,0,0,52,52.6,0,0,52.6,1407,667,"✅ Fixed"
"5000","N = 5000",".200","Model 2",0.407,2,".33, .33, .33","0.5",500,12.6,0,0,12.6,12.1,0,0,12.1,710,624,"✅ Fixed"
"5000","N = 5000",".200","Model 3",0.407,2,".33, .33, .33","0.5",500,27.4,0,0,27.4,29,0,0,29,867,616,"✅ Fixed"
"5000","N = 5000",".200","Model 1",0.407,2,".33, .33, .33","0.7",500,55.4,0,0,55.4,55.4,0,0,55.4,1544,688,"✅ Fixed"
"5000","N = 5000",".200","Model 2",0.407,2,".33, .33, .33","0.7",500,14,0,0,14,13.2,0,0,13.2,722,627,"✅ Fixed"
"5000","N = 5000",".200","Model 3",0.407,2,".33, .33, .33","0.7",500,28.8,0,0,28.8,30.2,0,0,30.2,886,618,"✅ Fixed"
"5000","N = 5000",".200","Model 1",0.407,2,".33, .33, .33","0.9",500,48.6,0,0,48.6,50.3,0,0,50.3,1293,642,"✅ Fixed"
"5000","N = 5000",".200","Model 2",0.407,2,".33, .33, .33","0.9",500,16.6,0.2,0,16.8,15.1,0.1,0,15.2,748,634,"✅ Fixed"
"5000","N = 5000",".200","Model 3",0.407,2,".33, .33, .33","0.9",500,39,0.2,0,39.2,38.7,0.1,0,38.8,1060,649,"✅ Fixed"
"5000","N = 5000",".200","Model 1",0.407,2,".33, .33, .33","A",500,49.2,5.2,13.8,59.2,48.6,6,14.8,59.9,1293,519,"✅ Fixed"
"5000","N = 5000",".200","Model 2",0.407,2,".33, .33, .33","A",500,9.2,0,0,9.2,10.2,0,0,10.2,748,672,"✅ Fixed"
"5000","N = 5000",".200","Model 3",0.407,2,".33, .33, .33","A",500,26,0,0,26,26.6,0,0,26.6,1060,778,"✅ Fixed"
"5000","N = 5000",".200","Model 1",0.407,2,".33, .33, .33","B",500,51,0,0,51,54.8,0,0,54.8,1293,585,"✅ Fixed"
"5000","N = 5000",".200","Model 2",0.407,2,".33, .33, .33","B",500,8,0,0,8,8.7,0,0,8.7,748,683,"✅ Fixed"
"5000","N = 5000",".200","Model 3",0.407,2,".33, .33, .33","B",500,26.2,0,0,26.2,26,0,0,26,1060,784,"✅ Fixed"
"5000","N = 5000",".200","Model 1",0.407,2,".33, .33, .33","C",500,55,0,0,55,52.5,0,0,52.5,1293,614,"✅ Fixed"
"5000","N = 5000",".200","Model 2",0.407,2,".33, .33, .33","C",500,8.6,0,0,8.6,9.2,0,0,9.2,748,679,"✅ Fixed"
"5000","N = 5000",".200","Model 3",0.407,2,".33, .33, .33","C",500,26.8,0.2,0,26.8,26.7,0.1,0,26.7,1060,777,"✅ Fixed"
"5000","N = 5000",".200","Model 1",0.407,2,".33, .33, .33","D",500,56,0,0,56,55.3,0,0,55.3,1293,578,"✅ Fixed"
"5000","N = 5000",".200","Model 2",0.407,2,".33, .33, .33","D",500,10,0,0,10,9.1,0,0,9.1,747,679,"✅ Fixed"
"5000","N = 5000",".200","Model 3",0.407,2,".33, .33, .33","D",500,24.8,0.2,0,25,23.9,0.1,0,24,1060,806,"✅ Fixed"
"5000","N = 5000",".200","Model 1",0.407,3,".60, .30, .10","0.3",500,47.6,0,0,47.6,47,0,0.2,47,1263,669,"✅ Fixed"
"5000","N = 5000",".200","Model 2",0.407,3,".60, .30, .10","0.3",500,11.6,0,0,11.6,11.4,0,0,11.4,701,621,"✅ Fixed"
"5000","N = 5000",".200","Model 3",0.407,3,".60, .30, .10","0.3",500,26.6,0,0,26.6,24.7,0,0,24.7,857,645,"✅ Fixed"
"5000","N = 5000",".200","Model 1",0.407,3,".60, .30, .10","0.5",500,51.8,0,0.8,52.2,50,0,0.4,50.1,1414,705,"✅ Fixed"
"5000","N = 5000",".200","Model 2",0.407,3,".60, .30, .10","0.5",500,10.4,0,0,10.4,9.5,0,0,9.5,692,626,"✅ Fixed"
"5000","N = 5000",".200","Model 3",0.407,3,".60, .30, .10","0.5",500,29,0,0,29,27.8,0,0,27.8,889,642,"✅ Fixed"
"5000","N = 5000",".200","Model 1",0.407,3,".60, .30, .10","0.7",499,49.9,0,1,50.5,50.4,0,0.8,50.9,1351,664,"✅ Fixed"
"5000","N = 5000",".200","Model 2",0.407,3,".60, .30, .10","0.7",500,8.6,0,0,8.6,8.3,0,0,8.3,677,621,"✅ Fixed"
"5000","N = 5000",".200","Model 3",0.407,3,".60, .30, .10","0.7",500,26.6,0,0,26.6,27,0,0,27,857,626,"✅ Fixed"
"5000","N = 5000",".200","Model 1",0.407,3,".60, .30, .10","0.9",493,49.7,0.4,4.1,52.1,50,0.4,4.9,51.9,1378,663,"✅ Fixed"
"5000","N = 5000",".200","Model 2",0.407,3,".60, .30, .10","0.9",500,9.2,0.2,0,9.4,9.5,0.1,0,9.6,684,618,"✅ Fixed"
"5000","N = 5000",".200","Model 3",0.407,3,".60, .30, .10","0.9",500,28.8,0,0,28.8,28.7,0,0,28.7,886,632,"✅ Fixed"
"5000","N = 5000",".200","Model 1",0.407,3,".60, .30, .10","A",500,41.2,2.4,19.6,52.4,40.9,2.2,19.4,52.2,1392,666,"✅ Fixed"
"5000","N = 5000",".200","Model 2",0.407,3,".60, .30, .10","A",499,8,0,0.2,8.2,8.3,0,0.1,8.5,683,625,"✅ Fixed"
"5000","N = 5000",".200","Model 3",0.407,3,".60, .30, .10","A",500,23.6,0,0,23.6,23.8,0,0,23.8,886,675,"✅ Fixed"
"5000","N = 5000",".200","Model 1",0.407,3,".60, .30, .10","B",500,48.4,0,0.2,48.4,47.6,0,0.2,47.7,1392,728,"✅ Fixed"
"5000","N = 5000",".200","Model 2",0.407,3,".60, .30, .10","B",500,13.2,0,0,13.2,13.3,0,0,13.3,684,593,"✅ Fixed"
"5000","N = 5000",".200","Model 3",0.407,3,".60, .30, .10","B",500,22.8,0,0,22.8,22.2,0,0,22.2,886,689,"✅ Fixed"
"5000","N = 5000",".200","Model 1",0.407,3,".60, .30, .10","C",500,48.2,0,0.4,48.2,46.6,0,0.4,46.7,1392,742,"✅ Fixed"
"5000","N = 5000",".200","Model 2",0.407,3,".60, .30, .10","C",500,11,0,0,11,10.2,0,0,10.2,684,614,"✅ Fixed"
"5000","N = 5000",".200","Model 3",0.407,3,".60, .30, .10","C",500,21.8,0,0,21.8,22.6,0.1,0,22.7,886,685,"✅ Fixed"
"5000","N = 5000",".200","Model 1",0.407,3,".60, .30, .10","D",499,43.7,0,0,43.7,43.8,0,0.2,43.9,1391,780,"✅ Fixed"
"5000","N = 5000",".200","Model 2",0.407,3,".60, .30, .10","D",500,10,0,0,10,9.9,0,0,9.9,684,616,"✅ Fixed"
"5000","N = 5000",".200","Model 3",0.407,3,".60, .30, .10","D",500,20,0,0,20,20.9,0,0,20.9,886,701,"✅ Fixed"
"5000","N = 5000",".800","Model 1",3.179,1,".10, .30, .60","0.3",500,48.2,0.2,1.8,49.2,50.2,0.1,1.8,51.1,1312,641,"✅ Fixed"
"5000","N = 5000",".800","Model 2",3.179,1,".10, .30, .60","0.3",500,9.4,0,0,9.4,9.4,0,0,9.4,684,620,"✅ Fixed"
"5000","N = 5000",".800","Model 3",3.179,1,".10, .30, .60","0.3",500,26,0,0.2,26.2,25.6,0,0.2,25.9,851,631,"✅ Fixed"
"5000","N = 5000",".800","Model 1",3.179,1,".10, .30, .60","0.5",499,45.5,0,2.6,47.1,48.2,0,3.1,49.8,1244,624,"✅ Fixed"
"5000","N = 5000",".800","Model 2",3.179,1,".10, .30, .60","0.5",499,10.6,0,0,10.6,9.6,0,0,9.6,691,625,"✅ Fixed"
"5000","N = 5000",".800","Model 3",3.179,1,".10, .30, .60","0.5",500,26.8,0,0.2,26.8,25.7,0,0.3,26,859,636,"✅ Fixed"
"5000","N = 5000",".800","Model 1",3.179,1,".10, .30, .60","0.7",500,53,0,7.4,54.8,51.3,0.1,8,54.5,1513,688,"✅ Fixed"
"5000","N = 5000",".800","Model 2",3.179,1,".10, .30, .60","0.7",499,13.2,0,0,13.2,14,0,0,14,713,613,"✅ Fixed"
"5000","N = 5000",".800","Model 3",3.179,1,".10, .30, .60","0.7",500,21.8,0,0,21.8,21.1,0,0,21.1,800,631,"✅ Fixed"
"5000","N = 5000",".800","Model 1",3.179,1,".10, .30, .60","0.9",499,74.3,0,15.2,79.2,73.2,0,0,73.2,5022,1346,"✅ Fixed"
"5000","N = 5000",".800","Model 2",3.179,1,".10, .30, .60","0.9",500,12,0,0,12,12.3,0,0,12.3,705,618,"✅ Fixed"
"5000","N = 5000",".800","Model 3",3.179,1,".10, .30, .60","0.9",500,32.6,0,0,32.6,32.8,0,0,32.8,942,633,"✅ Fixed"
"5000","N = 5000",".800","Model 1",3.179,1,".10, .30, .60","A",395,34.2,0,0,34.2,34.8,4.2,16.6,48.5,5144,2650,"✅ Fixed"
"5000","N = 5000",".800","Model 2",3.179,1,".10, .30, .60","A",500,7.4,0,0,7.4,7.8,0,0,7.8,705,650,"✅ Fixed"
"5000","N = 5000",".800","Model 3",3.179,1,".10, .30, .60","A",500,24,0,0.4,24.2,23.9,0,0.4,24.1,942,715,"✅ Fixed"
"5000","N = 5000",".800","Model 1",3.179,1,".10, .30, .60","B",500,55.8,0,0.4,56,55.2,0,0.4,55.4,5147,2294,"✅ Fixed"
"5000","N = 5000",".800","Model 2",3.179,1,".10, .30, .60","B",500,8.6,0,0,8.6,8.5,0,0,8.5,705,645,"✅ Fixed"
"5000","N = 5000",".800","Model 3",3.179,1,".10, .30, .60","B",500,24,0,1.8,25.2,22.5,0,2.2,24.1,941,714,"✅ Fixed"
"5000","N = 5000",".800","Model 1",3.179,1,".10, .30, .60","C",500,54,0,0.4,54.4,53,0,0.5,53.3,5147,2403,"✅ Fixed"
"5000","N = 5000",".800","Model 2",3.179,1,".10, .30, .60","C",500,7.2,0,0,7.2,7,0,0,7,705,656,"✅ Fixed"
"5000","N = 5000",".800","Model 3",3.179,1,".10, .30, .60","C",500,19.4,0,3.2,22.4,19.3,0,3.9,22.8,942,727,"✅ Fixed"
"5000","N = 5000",".800","Model 1",3.179,1,".10, .30, .60","D",500,53.8,0,0.6,54,54,0,0.4,54.2,5147,2358,"✅ Fixed"
"5000","N = 5000",".800","Model 2",3.179,1,".10, .30, .60","D",500,7,0,0,7,7.5,0,0,7.5,705,652,"✅ Fixed"
"5000","N = 5000",".800","Model 3",3.179,1,".10, .30, .60","D",500,21.6,0,6.6,26.4,21.4,0,7.3,27.2,942,686,"✅ Fixed"
"5000","N = 5000",".800","Model 1",3.179,2,".33, .33, .33","0.3",500,64,0,0,64,61.6,0,0,61.6,2055,789,"✅ Fixed"
"5000","N = 5000",".800","Model 2",3.179,2,".33, .33, .33","0.3",500,20,0,0,20,20.6,0,0,20.6,780,619,"✅ Fixed"
"5000","N = 5000",".800","Model 3",3.179,2,".33, .33, .33","0.3",500,33,0,0,33,35.3,0,0,35.3,948,613,"✅ Fixed"
"5000","N = 5000",".800","Model 1",3.179,2,".33, .33, .33","0.5",500,61.4,0,0,61.4,60.5,0,0,60.5,1867,738,"✅ Fixed"
"5000","N = 5000",".800","Model 2",3.179,2,".33, .33, .33","0.5",500,21.2,0,0,21.2,19.9,0,0,19.9,793,635,"✅ Fixed"
"5000","N = 5000",".800","Model 3",3.179,2,".33, .33, .33","0.5",500,39,0,0,39,36.6,0,0,36.6,1055,669,"✅ Fixed"
"5000","N = 5000",".800","Model 1",3.179,2,".33, .33, .33","0.7",500,52.6,0,0.2,52.6,55.1,0.1,0.3,55.2,1429,640,"✅ Fixed"
"5000","N = 5000",".800","Model 2",3.179,2,".33, .33, .33","0.7",500,21.6,0,0,21.6,22,0,0,22,797,622,"✅ Fixed"
"5000","N = 5000",".800","Model 3",3.179,2,".33, .33, .33","0.7",500,37.2,0,0,37.2,38.5,0.1,0,38.6,1021,627,"✅ Fixed"
"5000","N = 5000",".800","Model 1",3.179,2,".33, .33, .33","0.9",500,65.4,0.4,7.6,68.2,65.1,0.2,9,68.3,2452,777,"✅ Fixed"
"5000","N = 5000",".800","Model 2",3.179,2,".33, .33, .33","0.9",500,26.4,0,0,26.4,29.7,0,0,29.7,854,600,"✅ Fixed"
"5000","N = 5000",".800","Model 3",3.179,2,".33, .33, .33","0.9",500,42,0,0,42,43.8,0,0,43.8,1119,629,"✅ Fixed"
"5000","N = 5000",".800","Model 1",3.179,2,".33, .33, .33","A",500,46.4,5.4,16.4,59.2,48.1,4.5,16.8,60.3,2459,977,"✅ Fixed"
"5000","N = 5000",".800","Model 2",3.179,2,".33, .33, .33","A",500,18.4,0,0,18.4,19,0,0,19,854,692,"✅ Fixed"
"5000","N = 5000",".800","Model 3",3.179,2,".33, .33, .33","A",500,34.8,0,0,34.8,35.1,0,0,35.1,1119,726,"✅ Fixed"
"5000","N = 5000",".800","Model 1",3.179,2,".33, .33, .33","B",500,59.8,0,0,59.8,60.1,0,0,60.1,2459,980,"✅ Fixed"
"5000","N = 5000",".800","Model 2",3.179,2,".33, .33, .33","B",500,21.6,0,0,21.6,22.2,0,0,22.2,854,664,"✅ Fixed"
"5000","N = 5000",".800","Model 3",3.179,2,".33, .33, .33","B",500,25.4,0,0,25.4,25.6,0,0,25.6,1119,832,"✅ Fixed"
"5000","N = 5000",".800","Model 1",3.179,2,".33, .33, .33","C",500,63.2,0,0,63.2,61.9,0,0,61.9,1846,704,"✅ Fixed"
"5000","N = 5000",".800","Model 2",3.179,2,".33, .33, .33","C",500,25.8,0,0,25.8,23.5,0,0,23.5,854,653,"✅ Fixed"
"5000","N = 5000",".800","Model 3",3.179,2,".33, .33, .33","C",499,22.6,0,0,22.6,23.8,0,0,23.8,1118,852,"✅ Fixed"
"5000","N = 5000",".800","Model 1",3.179,2,".33, .33, .33","D",500,58.4,0,0,58.4,59.6,0,0,59.6,2459,994,"✅ Fixed"
"5000","N = 5000",".800","Model 2",3.179,2,".33, .33, .33","D",500,26.8,0,0,26.8,27.4,0,0,27.4,854,620,"✅ Fixed"
"5000","N = 5000",".800","Model 3",3.179,2,".33, .33, .33","D",500,34.6,0,0.4,34.8,34.4,0,0.4,34.6,1118,731,"✅ Fixed"
"5000","N = 5000",".800","Model 1",3.179,3,".60, .30, .10","0.3",500,48.2,0,0,48.2,48.9,0,0.2,48.9,1281,654,"✅ Fixed"
"5000","N = 5000",".800","Model 2",3.179,3,".60, .30, .10","0.3",500,11.4,0,0,11.4,12.6,0,0,12.6,700,612,"✅ Fixed"
"5000","N = 5000",".800","Model 3",3.179,3,".60, .30, .10","0.3",500,25.4,0,0,25.4,26.2,0,0,26.2,842,621,"✅ Fixed"
"5000","N = 5000",".800","Model 1",3.179,3,".60, .30, .10","0.5",500,49.4,0,0.4,49.6,52.2,0,0.5,52.4,1325,631,"✅ Fixed"
"5000","N = 5000",".800","Model 2",3.179,3,".60, .30, .10","0.5",499,13.6,0,0,13.6,14.7,0,0,14.7,716,611,"✅ Fixed"
"5000","N = 5000",".800","Model 3",3.179,3,".60, .30, .10","0.5",500,33.2,0,0,33.2,30.5,0,0,30.5,952,662,"✅ Fixed"
"5000","N = 5000",".800","Model 1",3.179,3,".60, .30, .10","0.7",499,52.1,0.2,2.2,53.3,52.8,0.1,2.5,53.9,1452,670,"✅ Fixed"
"5000","N = 5000",".800","Model 2",3.179,3,".60, .30, .10","0.7",500,20,0,0,20,18.8,0,0,18.8,780,633,"✅ Fixed"
"5000","N = 5000",".800","Model 3",3.179,3,".60, .30, .10","0.7",500,35.4,0,0,35.4,32.3,0,0,32.3,988,669,"✅ Fixed"
"5000","N = 5000",".800","Model 1",3.179,3,".60, .30, .10","0.9",495,61.2,0.2,12.9,65.1,64,0.2,12.6,67.8,2104,678,"✅ Fixed"
"5000","N = 5000",".800","Model 2",3.179,3,".60, .30, .10","0.9",500,19.2,0,0,19.2,20.3,0,0,20.3,772,615,"✅ Fixed"
"5000","N = 5000",".800","Model 3",3.179,3,".60, .30, .10","0.9",500,33.2,0,0,33.2,33.4,0,0,33.4,952,634,"✅ Fixed"
"5000","N = 5000",".800","Model 1",3.179,3,".60, .30, .10","A",499,55.7,1.6,34.9,72.5,56.5,2,37.4,73.3,2124,568,"✅ Fixed"
"5000","N = 5000",".800","Model 2",3.179,3,".60, .30, .10","A",499,14,0,0,14,14.7,0,0,14.7,771,658,"✅ Fixed"
"5000","N = 5000",".800","Model 3",3.179,3,".60, .30, .10","A",500,27.6,0,0,27.6,27.8,0,0,27.8,952,687,"✅ Fixed"
"5000","N = 5000",".800","Model 1",3.179,3,".60, .30, .10","B",500,44.8,0,0,44.8,47.2,0,0.3,47.3,2127,1120,"✅ Fixed"
"5000","N = 5000",".800","Model 2",3.179,3,".60, .30, .10","B",500,15.6,0,0,15.6,15.2,0,0,15.2,772,655,"✅ Fixed"
"5000","N = 5000",".800","Model 3",3.179,3,".60, .30, .10","B",500,19.4,0,0,19.4,22.3,0,0,22.3,952,740,"✅ Fixed"
"5000","N = 5000",".800","Model 1",3.179,3,".60, .30, .10","C",500,41.2,0,0.2,41.4,42.4,0,0.4,42.6,2127,1220,"✅ Fixed"
"5000","N = 5000",".800","Model 2",3.179,3,".60, .30, .10","C",498,14.7,0,0,14.7,15.8,0,0,15.8,770,648,"✅ Fixed"
"5000","N = 5000",".800","Model 3",3.179,3,".60, .30, .10","C",500,17.6,0,0,17.6,17.5,0,0,17.5,952,785,"✅ Fixed"
"5000","N = 5000",".800","Model 1",3.179,3,".60, .30, .10","D",500,45.4,0,0.4,45.4,45.2,0,0.4,45.2,2126,1164,"✅ Fixed"
"5000","N = 5000",".800","Model 2",3.179,3,".60, .30, .10","D",500,10.6,0,0,10.6,10.1,0,0,10.1,772,694,"✅ Fixed"
"5000","N = 5000",".800","Model 3",3.179,3,".60, .30, .10","D",499,25.9,0,0.2,26.1,23.3,0,0.1,23.4,951,728,"✅ Fixed"
