"FileName","Model","Population","TPs","N","N_numeric","Mix","Mixing_proportion","Lambda","Total_Rows","Total_Violations","Percentage_Violations","Total_Errors","ErrorRate","Total_LL_Failures","LL_Failure_Perc","Total_True_Violations","True_Violation_Perc","GoodReplications","Reanalysis_Needed"
"rilta_lta_m1_n_500_tp_0.407_m_1_l_0.3","Model 1",".200",0.407,"N = 500",500,1,".10, .30, .60","0.3",1867,820,43.9,569,30.5,15,0.8,1145,61.3,722,"No"
"rilta_lta_m1_n_500_tp_0.407_m_1_l_0.5","Model 1",".200",0.407,"N = 500",500,1,".10, .30, .60","0.5",1828,858,46.9,510,27.9,9,0.5,1120,61.3,708,"No"
"rilta_lta_m1_n_500_tp_0.407_m_1_l_0.7","Model 1",".200",0.407,"N = 500",500,1,".10, .30, .60","0.7",2138,1101,51.5,663,31,8,0.4,1400,65.5,738,"No"
"rilta_lta_m1_n_500_tp_0.407_m_1_l_0.9","Model 1",".200",0.407,"N = 500",500,1,".10, .30, .60","0.9",2411,1310,54.3,836,34.7,14,0.6,1674,69.4,737,"No"
"rilta_lta_m1_n_500_tp_0.407_m_1_l_a","Model 1",".200",0.407,"N = 500",500,1,".10, .30, .60","A",2420,1124,46.4,1060,43.8,30,1.2,1689,69.8,731,"No"
"rilta_lta_m1_n_500_tp_0.407_m_1_l_b","Model 1",".200",0.407,"N = 500",500,1,".10, .30, .60","B",2418,1051,43.5,792,32.8,21,0.9,1495,61.8,923,"No"
"rilta_lta_m1_n_500_tp_0.407_m_1_l_c","Model 1",".200",0.407,"N = 500",500,1,".10, .30, .60","C",2419,1121,46.3,911,37.7,25,1,1586,65.6,833,"No"
"rilta_lta_m1_n_500_tp_0.407_m_1_l_d","Model 1",".200",0.407,"N = 500",500,1,".10, .30, .60","D",2113,972,46,0,0,0,0,972,46,1141,"No"
"rilta_lta_m1_n_500_tp_0.407_m_2_l_0.3","Model 1",".200",0.407,"N = 500",500,2,".33, .33, .33","0.3",1500,717,47.8,278,18.5,9,0.6,863,57.5,637,"No"
"rilta_lta_m1_n_500_tp_0.407_m_2_l_0.5","Model 1",".200",0.407,"N = 500",500,2,".33, .33, .33","0.5",1628,792,48.6,286,17.6,11,0.7,940,57.7,688,"No"
"rilta_lta_m1_n_500_tp_0.407_m_2_l_0.7","Model 1",".200",0.407,"N = 500",500,2,".33, .33, .33","0.7",1867,945,50.6,365,19.6,7,0.4,1119,59.9,748,"No"
"rilta_lta_m1_n_500_tp_0.407_m_2_l_0.9","Model 1",".200",0.407,"N = 500",500,2,".33, .33, .33","0.9",1666,871,52.3,348,20.9,4,0.2,1012,60.7,654,"No"
"rilta_lta_m1_n_500_tp_0.407_m_2_l_a","Model 1",".200",0.407,"N = 500",500,2,".33, .33, .33","A",1670,817,48.9,601,36,19,1.1,1116,66.8,554,"No"
"rilta_lta_m1_n_500_tp_0.407_m_2_l_b","Model 1",".200",0.407,"N = 500",500,2,".33, .33, .33","B",1672,827,49.5,357,21.4,13,0.8,996,59.6,676,"No"
"rilta_lta_m1_n_500_tp_0.407_m_2_l_c","Model 1",".200",0.407,"N = 500",500,2,".33, .33, .33","C",1672,833,49.8,449,26.9,14,0.8,1042,62.3,630,"No"
"rilta_lta_m1_n_500_tp_0.407_m_2_l_d","Model 1",".200",0.407,"N = 500",500,2,".33, .33, .33","D",1672,861,51.5,446,26.7,14,0.8,1069,63.9,603,"No"
"rilta_lta_m1_n_500_tp_0.407_m_3_l_0.3","Model 1",".200",0.407,"N = 500",500,3,".60, .30, .10","0.3",1675,735,43.9,474,28.3,14,0.8,990,59.1,685,"No"
"rilta_lta_m1_n_500_tp_0.407_m_3_l_0.5","Model 1",".200",0.407,"N = 500",500,3,".60, .30, .10","0.5",1733,787,45.4,475,27.4,6,0.3,1040,60,693,"No"
"rilta_lta_m1_n_500_tp_0.407_m_3_l_0.7","Model 1",".200",0.407,"N = 500",500,3,".60, .30, .10","0.7",1913,877,45.8,567,29.6,10,0.5,1174,61.4,739,"No"
"rilta_lta_m1_n_500_tp_0.407_m_3_l_0.9","Model 1",".200",0.407,"N = 500",500,3,".60, .30, .10","0.9",1875,923,49.2,532,28.4,7,0.4,1168,62.3,707,"No"
"rilta_lta_m1_n_500_tp_0.407_m_3_l_a","Model 1",".200",0.407,"N = 500",500,3,".60, .30, .10","A",1905,1013,53.2,908,47.7,17,0.9,1399,73.4,506,"No"
"rilta_lta_m1_n_500_tp_0.407_m_3_l_b","Model 1",".200",0.407,"N = 500",500,3,".60, .30, .10","B",1897,822,43.3,627,33.1,8,0.4,1165,61.4,732,"No"
"rilta_lta_m1_n_500_tp_0.407_m_3_l_c","Model 1",".200",0.407,"N = 500",500,3,".60, .30, .10","C",1896,809,42.7,644,34,12,0.6,1166,61.5,730,"No"
"rilta_lta_m1_n_500_tp_0.407_m_3_l_d","Model 1",".200",0.407,"N = 500",500,3,".60, .30, .10","D",1900,772,40.6,643,33.8,13,0.7,1149,60.5,751,"No"
"rilta_lta_m2_n_500_tp_0.407_m_1_l_0.3","Model 2",".200",0.407,"N = 500",500,1,".10, .30, .60","0.3",671,22,3.3,27,4,1,0.1,50,7.5,621,"No"
"rilta_lta_m2_n_500_tp_0.407_m_1_l_0.5","Model 2",".200",0.407,"N = 500",500,1,".10, .30, .60","0.5",680,28,4.1,25,3.7,2,0.3,55,8.1,625,"No"
"rilta_lta_m2_n_500_tp_0.407_m_1_l_0.7","Model 2",".200",0.407,"N = 500",500,1,".10, .30, .60","0.7",677,44,6.5,19,2.8,3,0.4,66,9.7,611,"No"
"rilta_lta_m2_n_500_tp_0.407_m_1_l_0.9","Model 2",".200",0.407,"N = 500",500,1,".10, .30, .60","0.9",711,58,8.2,27,3.8,3,0.4,87,12.2,624,"No"
"rilta_lta_m2_n_500_tp_0.407_m_1_l_a","Model 2",".200",0.407,"N = 500",500,1,".10, .30, .60","A",710,36,5.1,27,3.8,4,0.6,65,9.2,645,"No"
"rilta_lta_m2_n_500_tp_0.407_m_1_l_b","Model 2",".200",0.407,"N = 500",500,1,".10, .30, .60","B",712,35,4.9,37,5.2,4,0.6,74,10.4,638,"No"
"rilta_lta_m2_n_500_tp_0.407_m_1_l_c","Model 2",".200",0.407,"N = 500",500,1,".10, .30, .60","C",711,36,5.1,24,3.4,3,0.4,62,8.7,649,"No"
"rilta_lta_m2_n_500_tp_0.407_m_1_l_d","Model 2",".200",0.407,"N = 500",500,1,".10, .30, .60","D",712,37,5.2,22,3.1,2,0.3,61,8.6,651,"No"
"rilta_lta_m2_n_500_tp_0.407_m_2_l_0.3","Model 2",".200",0.407,"N = 500",500,2,".33, .33, .33","0.3",709,54,7.6,21,3,5,0.7,79,11.1,630,"No"
"rilta_lta_m2_n_500_tp_0.407_m_2_l_0.5","Model 2",".200",0.407,"N = 500",500,2,".33, .33, .33","0.5",742,76,10.2,36,4.9,2,0.3,114,15.4,628,"No"
"rilta_lta_m2_n_500_tp_0.407_m_2_l_0.7","Model 2",".200",0.407,"N = 500",500,2,".33, .33, .33","0.7",711,70,9.8,24,3.4,3,0.4,95,13.4,616,"No"
"rilta_lta_m2_n_500_tp_0.407_m_2_l_0.9","Model 2",".200",0.407,"N = 500",500,2,".33, .33, .33","0.9",767,113,14.7,23,3,2,0.3,134,17.5,633,"No"
"rilta_lta_m2_n_500_tp_0.407_m_2_l_a","Model 2",".200",0.407,"N = 500",500,2,".33, .33, .33","A",767,65,8.5,25,3.3,2,0.3,90,11.7,677,"No"
"rilta_lta_m2_n_500_tp_0.407_m_2_l_b","Model 2",".200",0.407,"N = 500",500,2,".33, .33, .33","B",766,78,10.2,26,3.4,4,0.5,104,13.6,662,"No"
"rilta_lta_m2_n_500_tp_0.407_m_2_l_c","Model 2",".200",0.407,"N = 500",500,2,".33, .33, .33","C",765,91,11.9,22,2.9,2,0.3,114,14.9,651,"No"
"rilta_lta_m2_n_500_tp_0.407_m_2_l_d","Model 2",".200",0.407,"N = 500",500,2,".33, .33, .33","D",767,81,10.6,24,3.1,2,0.3,105,13.7,662,"No"
"rilta_lta_m2_n_500_tp_0.407_m_3_l_0.3","Model 2",".200",0.407,"N = 500",500,3,".60, .30, .10","0.3",771,112,14.5,26,3.4,5,0.6,140,18.2,631,"No"
"rilta_lta_m2_n_500_tp_0.407_m_3_l_0.5","Model 2",".200",0.407,"N = 500",500,3,".60, .30, .10","0.5",745,112,15,20,2.7,3,0.4,131,17.6,614,"No"
"rilta_lta_m2_n_500_tp_0.407_m_3_l_0.7","Model 2",".200",0.407,"N = 500",500,3,".60, .30, .10","0.7",745,108,14.5,20,2.7,5,0.7,128,17.2,617,"No"
"rilta_lta_m2_n_500_tp_0.407_m_3_l_0.9","Model 2",".200",0.407,"N = 500",500,3,".60, .30, .10","0.9",754,125,16.6,17,2.3,4,0.5,142,18.8,612,"No"
"rilta_lta_m2_n_500_tp_0.407_m_3_l_a","Model 2",".200",0.407,"N = 500",500,3,".60, .30, .10","A",755,99,13.1,25,3.3,5,0.7,125,16.6,630,"No"
"rilta_lta_m2_n_500_tp_0.407_m_3_l_b","Model 2",".200",0.407,"N = 500",500,3,".60, .30, .10","B",755,106,14,14,1.9,2,0.3,120,15.9,635,"No"
"rilta_lta_m2_n_500_tp_0.407_m_3_l_c","Model 2",".200",0.407,"N = 500",500,3,".60, .30, .10","C",758,105,13.9,19,2.5,5,0.7,128,16.9,630,"No"
"rilta_lta_m2_n_500_tp_0.407_m_3_l_d","Model 2",".200",0.407,"N = 500",500,3,".60, .30, .10","D",759,105,13.8,25,3.3,3,0.4,129,17,630,"No"
"rilta_lta_m3_n_500_tp_0.407_m_1_l_0.3","Model 3",".200",0.407,"N = 500",500,1,".10, .30, .60","0.3",872,144,16.5,78,8.9,4,0.5,210,24.1,662,"No"
"rilta_lta_m3_n_500_tp_0.407_m_1_l_0.5","Model 3",".200",0.407,"N = 500",500,1,".10, .30, .60","0.5",829,159,19.2,56,6.8,4,0.5,193,23.3,636,"No"
"rilta_lta_m3_n_500_tp_0.407_m_1_l_0.7","Model 3",".200",0.407,"N = 500",500,1,".10, .30, .60","0.7",874,208,23.8,46,5.3,1,0.1,241,27.6,633,"No"
"rilta_lta_m3_n_500_tp_0.407_m_1_l_0.9","Model 3",".200",0.407,"N = 500",500,1,".10, .30, .60","0.9",1060,385,36.3,41,3.9,2,0.2,409,38.6,651,"No"
"rilta_lta_m3_n_500_tp_0.407_m_1_l_a","Model 3",".200",0.407,"N = 500",500,1,".10, .30, .60","A",1060,299,28.2,117,11,5,0.5,355,33.5,705,"No"
"rilta_lta_m3_n_500_tp_0.407_m_1_l_b","Model 3",".200",0.407,"N = 500",500,1,".10, .30, .60","B",1059,186,17.6,104,9.8,3,0.3,270,25.5,789,"No"
"rilta_lta_m3_n_500_tp_0.407_m_1_l_c","Model 3",".200",0.407,"N = 500",500,1,".10, .30, .60","C",1060,195,18.4,115,10.8,4,0.4,283,26.7,777,"No"
"rilta_lta_m3_n_500_tp_0.407_m_1_l_d","Model 3",".200",0.407,"N = 500",500,1,".10, .30, .60","D",1060,235,22.2,149,14.1,4,0.4,348,32.8,712,"No"
"rilta_lta_m3_n_500_tp_0.407_m_2_l_0.3","Model 3",".200",0.407,"N = 500",500,2,".33, .33, .33","0.3",886,215,24.3,18,2,0,0,228,25.7,658,"No"
"rilta_lta_m3_n_500_tp_0.407_m_2_l_0.5","Model 3",".200",0.407,"N = 500",500,2,".33, .33, .33","0.5",888,239,26.9,21,2.4,2,0.2,258,29.1,630,"No"
"rilta_lta_m3_n_500_tp_0.407_m_2_l_0.7","Model 3",".200",0.407,"N = 500",500,2,".33, .33, .33","0.7",867,229,26.4,25,2.9,2,0.2,251,29,616,"No"
"rilta_lta_m3_n_500_tp_0.407_m_2_l_0.9","Model 3",".200",0.407,"N = 500",500,2,".33, .33, .33","0.9",971,306,31.5,20,2.1,1,0.1,318,32.7,653,"No"
"rilta_lta_m3_n_500_tp_0.407_m_2_l_a","Model 3",".200",0.407,"N = 500",500,2,".33, .33, .33","A",970,248,25.6,27,2.8,4,0.4,269,27.7,701,"No"
"rilta_lta_m3_n_500_tp_0.407_m_2_l_b","Model 3",".200",0.407,"N = 500",500,2,".33, .33, .33","B",970,218,22.5,33,3.4,2,0.2,247,25.5,723,"No"
"rilta_lta_m3_n_500_tp_0.407_m_2_l_c","Model 3",".200",0.407,"N = 500",500,2,".33, .33, .33","C",971,187,19.3,40,4.1,7,0.7,220,22.7,751,"No"
"rilta_lta_m3_n_500_tp_0.407_m_2_l_d","Model 3",".200",0.407,"N = 500",500,2,".33, .33, .33","D",971,200,20.6,90,9.3,0,0,258,26.6,713,"No"
"rilta_lta_m3_n_500_tp_0.407_m_3_l_0.3","Model 3",".200",0.407,"N = 500",500,3,".60, .30, .10","0.3",839,199,23.7,11,1.3,0,0,204,24.3,635,"No"
"rilta_lta_m3_n_500_tp_0.407_m_3_l_0.5","Model 3",".200",0.407,"N = 500",500,3,".60, .30, .10","0.5",814,170,20.9,14,1.7,4,0.5,186,22.9,628,"No"
"rilta_lta_m3_n_500_tp_0.407_m_3_l_0.7","Model 3",".200",0.407,"N = 500",500,3,".60, .30, .10","0.7",872,218,25,18,2.1,0,0,229,26.3,643,"No"
"rilta_lta_m3_n_500_tp_0.407_m_3_l_0.9","Model 3",".200",0.407,"N = 500",500,3,".60, .30, .10","0.9",855,212,24.8,28,3.3,0,0,226,26.4,629,"No"
"rilta_lta_m3_n_500_tp_0.407_m_3_l_a","Model 3",".200",0.407,"N = 500",500,3,".60, .30, .10","A",852,195,22.9,11,1.3,1,0.1,204,23.9,648,"No"
"rilta_lta_m3_n_500_tp_0.407_m_3_l_b","Model 3",".200",0.407,"N = 500",500,3,".60, .30, .10","B",850,195,22.9,15,1.8,2,0.2,208,24.5,642,"No"
"rilta_lta_m3_n_500_tp_0.407_m_3_l_c","Model 3",".200",0.407,"N = 500",500,3,".60, .30, .10","C",854,151,17.7,15,1.8,1,0.1,164,19.2,690,"No"
"rilta_lta_m3_n_500_tp_0.407_m_3_l_d","Model 3",".200",0.407,"N = 500",500,3,".60, .30, .10","D",854,159,18.6,32,3.7,3,0.4,184,21.5,670,"No"
"rilta_lta_m1_n_500_tp_3.179_m_1_l_0.3","Model 1",".800",3.179,"N = 500",500,1,".10, .30, .60","0.3",2609,1263,48.4,1029,39.4,17,0.7,1814,69.5,795,"No"
"rilta_lta_m1_n_500_tp_3.179_m_1_l_0.5","Model 1",".800",3.179,"N = 500",500,1,".10, .30, .60","0.5",2630,1359,51.7,993,37.8,16,0.6,1840,70,790,"No"
"rilta_lta_m1_n_500_tp_3.179_m_1_l_0.7","Model 1",".800",3.179,"N = 500",500,1,".10, .30, .60","0.7",2581,1392,53.9,1097,42.5,18,0.7,1913,74.1,668,"No"
"rilta_lta_m1_n_500_tp_3.179_m_1_l_0.9","Model 1",".800",3.179,"N = 500",500,1,".10, .30, .60","0.9",4300,2459,57.2,2013,46.8,15,0.3,3321,77.2,979,"No"
"rilta_lta_m1_n_500_tp_3.179_m_1_l_a","Model 1",".800",3.179,"N = 500",500,1,".10, .30, .60","A",4308,1916,44.5,2022,46.9,52,1.2,3084,71.6,1224,"No"
"rilta_lta_m1_n_500_tp_3.179_m_1_l_b","Model 1",".800",3.179,"N = 500",500,1,".10, .30, .60","B",4310,2033,47.2,1592,36.9,31,0.7,2881,66.8,1429,"No"
"rilta_lta_m1_n_500_tp_3.179_m_1_l_c","Model 1",".800",3.179,"N = 500",500,1,".10, .30, .60","C",4310,2093,48.6,1635,37.9,34,0.8,2981,69.2,1329,"No"
"rilta_lta_m1_n_500_tp_3.179_m_1_l_d","Model 1",".800",3.179,"N = 500",500,1,".10, .30, .60","D",4312,2080,48.2,1710,39.7,39,0.9,2944,68.3,1368,"No"
"rilta_lta_m1_n_500_tp_3.179_m_2_l_0.3","Model 1",".800",3.179,"N = 500",500,2,".33, .33, .33","0.3",2436,1389,57,623,25.6,14,0.6,1655,67.9,781,"No"
"rilta_lta_m1_n_500_tp_3.179_m_2_l_0.5","Model 1",".800",3.179,"N = 500",500,2,".33, .33, .33","0.5",2487,1336,53.7,664,26.7,19,0.8,1656,66.6,831,"No"
"rilta_lta_m1_n_500_tp_3.179_m_2_l_0.7","Model 1",".800",3.179,"N = 500",500,2,".33, .33, .33","0.7",2799,1594,56.9,861,30.8,12,0.4,1934,69.1,865,"No"
"rilta_lta_m1_n_500_tp_3.179_m_2_l_0.9","Model 1",".800",3.179,"N = 500",500,2,".33, .33, .33","0.9",3392,2059,60.7,1165,34.3,7,0.2,2493,73.5,899,"No"
"rilta_lta_m1_n_500_tp_3.179_m_2_l_a","Model 1",".800",3.179,"N = 500",500,2,".33, .33, .33","A",3405,1837,54,1320,38.8,30,0.9,2409,70.7,996,"No"
"rilta_lta_m1_n_500_tp_3.179_m_2_l_b","Model 1",".800",3.179,"N = 500",500,2,".33, .33, .33","B",3407,1828,53.7,929,27.3,25,0.7,2274,66.7,1133,"No"
"rilta_lta_m1_n_500_tp_3.179_m_2_l_c","Model 1",".800",3.179,"N = 500",500,2,".33, .33, .33","C",3406,1870,54.9,947,27.8,29,0.9,2318,68.1,1088,"No"
"rilta_lta_m1_n_500_tp_3.179_m_2_l_d","Model 1",".800",3.179,"N = 500",500,2,".33, .33, .33","D",3405,1868,54.9,972,28.5,28,0.8,2323,68.2,1082,"No"
"rilta_lta_m1_n_500_tp_3.179_m_3_l_0.3","Model 1",".800",3.179,"N = 500",500,3,".60, .30, .10","0.3",2264,1051,46.4,879,38.8,26,1.1,1518,67,746,"No"
"rilta_lta_m1_n_500_tp_3.179_m_3_l_0.5","Model 1",".800",3.179,"N = 500",500,3,".60, .30, .10","0.5",2344,1113,47.5,964,41.1,15,0.6,1585,67.6,759,"No"
"rilta_lta_m1_n_500_tp_3.179_m_3_l_0.7","Model 1",".800",3.179,"N = 500",500,3,".60, .30, .10","0.7",2456,1282,52.2,997,40.6,16,0.7,1716,69.9,740,"No"
"rilta_lta_m1_n_500_tp_3.179_m_3_l_0.9","Model 1",".800",3.179,"N = 500",500,3,".60, .30, .10","0.9",2848,1570,55.1,1175,41.3,13,0.5,2055,72.2,793,"No"
"rilta_lta_m1_n_500_tp_3.179_m_3_l_a","Model 1",".800",3.179,"N = 500",500,3,".60, .30, .10","A",2865,1759,61.4,1467,51.2,31,1.1,2306,80.5,559,"No"
"rilta_lta_m1_n_500_tp_3.179_m_3_l_b","Model 1",".800",3.179,"N = 500",500,3,".60, .30, .10","B",2862,1325,46.3,1224,42.8,24,0.8,1957,68.4,905,"No"
"rilta_lta_m1_n_500_tp_3.179_m_3_l_c","Model 1",".800",3.179,"N = 500",500,3,".60, .30, .10","C",2856,1344,47.1,1205,42.2,26,0.9,1940,67.9,916,"No"
"rilta_lta_m1_n_500_tp_3.179_m_3_l_d","Model 1",".800",3.179,"N = 500",500,3,".60, .30, .10","D",2861,1360,47.5,1266,44.3,31,1.1,2003,70,858,"No"
"rilta_lta_m2_n_500_tp_3.179_m_1_l_0.3","Model 2",".800",3.179,"N = 500",500,1,".10, .30, .60","0.3",757,63,8.3,86,11.4,4,0.5,148,19.6,609,"No"
"rilta_lta_m2_n_500_tp_3.179_m_1_l_0.5","Model 2",".800",3.179,"N = 500",500,1,".10, .30, .60","0.5",743,70,9.4,72,9.7,2,0.3,137,18.4,606,"No"
"rilta_lta_m2_n_500_tp_3.179_m_1_l_0.7","Model 2",".800",3.179,"N = 500",500,1,".10, .30, .60","0.7",806,94,11.7,92,11.4,3,0.4,177,22,629,"No"
"rilta_lta_m2_n_500_tp_3.179_m_1_l_0.9","Model 2",".800",3.179,"N = 500",500,1,".10, .30, .60","0.9",886,141,15.9,115,13,5,0.6,247,27.9,639,"No"
"rilta_lta_m2_n_500_tp_3.179_m_1_l_a","Model 2",".800",3.179,"N = 500",500,1,".10, .30, .60","A",884,65,7.4,119,13.5,8,0.9,181,20.5,703,"No"
"rilta_lta_m2_n_500_tp_3.179_m_1_l_b","Model 2",".800",3.179,"N = 500",500,1,".10, .30, .60","B",886,72,8.1,125,14.1,6,0.7,192,21.7,694,"No"
"rilta_lta_m2_n_500_tp_3.179_m_1_l_c","Model 2",".800",3.179,"N = 500",500,1,".10, .30, .60","C",883,77,8.7,106,12,4,0.5,174,19.7,709,"No"
"rilta_lta_m2_n_500_tp_3.179_m_1_l_d","Model 2",".800",3.179,"N = 500",500,1,".10, .30, .60","D",887,68,7.7,136,15.3,3,0.3,195,22,692,"No"
"rilta_lta_m2_n_500_tp_3.179_m_2_l_0.3","Model 2",".800",3.179,"N = 500",500,2,".33, .33, .33","0.3",783,149,19,15,1.9,3,0.4,163,20.8,620,"No"
"rilta_lta_m2_n_500_tp_3.179_m_2_l_0.5","Model 2",".800",3.179,"N = 500",500,2,".33, .33, .33","0.5",837,204,24.4,8,1,8,1,214,25.6,623,"No"
"rilta_lta_m2_n_500_tp_3.179_m_2_l_0.7","Model 2",".800",3.179,"N = 500",500,2,".33, .33, .33","0.7",823,189,23,6,0.7,6,0.7,198,24.1,625,"No"
"rilta_lta_m2_n_500_tp_3.179_m_2_l_0.9","Model 2",".800",3.179,"N = 500",500,2,".33, .33, .33","0.9",886,258,29.1,7,0.8,1,0.1,265,29.9,621,"No"
"rilta_lta_m2_n_500_tp_3.179_m_2_l_a","Model 2",".800",3.179,"N = 500",500,2,".33, .33, .33","A",887,174,19.6,19,2.1,3,0.3,193,21.8,694,"No"
"rilta_lta_m2_n_500_tp_3.179_m_2_l_b","Model 2",".800",3.179,"N = 500",500,2,".33, .33, .33","B",883,197,22.3,14,1.6,6,0.7,214,24.2,669,"No"
"rilta_lta_m2_n_500_tp_3.179_m_2_l_c","Model 2",".800",3.179,"N = 500",500,2,".33, .33, .33","C",887,193,21.8,5,0.6,0,0,197,22.2,690,"No"
"rilta_lta_m2_n_500_tp_3.179_m_2_l_d","Model 2",".800",3.179,"N = 500",500,2,".33, .33, .33","D",887,173,19.5,9,1,3,0.3,181,20.4,706,"No"
"rilta_lta_m2_n_500_tp_3.179_m_3_l_0.3","Model 2",".800",3.179,"N = 500",500,3,".60, .30, .10","0.3",756,99,13.1,43,5.7,1,0.1,138,18.3,618,"No"
"rilta_lta_m2_n_500_tp_3.179_m_3_l_0.5","Model 2",".800",3.179,"N = 500",500,3,".60, .30, .10","0.5",779,130,16.7,31,4,2,0.3,159,20.4,620,"No"
"rilta_lta_m2_n_500_tp_3.179_m_3_l_0.7","Model 2",".800",3.179,"N = 500",500,3,".60, .30, .10","0.7",777,146,18.8,17,2.2,5,0.6,166,21.4,611,"No"
"rilta_lta_m2_n_500_tp_3.179_m_3_l_0.9","Model 2",".800",3.179,"N = 500",500,3,".60, .30, .10","0.9",830,206,24.8,11,1.3,1,0.1,216,26,614,"No"
"rilta_lta_m2_n_500_tp_3.179_m_3_l_a","Model 2",".800",3.179,"N = 500",500,3,".60, .30, .10","A",832,109,13.1,47,5.6,4,0.5,153,18.4,679,"No"
"rilta_lta_m2_n_500_tp_3.179_m_3_l_b","Model 2",".800",3.179,"N = 500",500,3,".60, .30, .10","B",832,118,14.2,29,3.5,6,0.7,148,17.8,684,"No"
"rilta_lta_m2_n_500_tp_3.179_m_3_l_c","Model 2",".800",3.179,"N = 500",500,3,".60, .30, .10","C",833,119,14.3,28,3.4,6,0.7,150,18,683,"No"
"rilta_lta_m2_n_500_tp_3.179_m_3_l_d","Model 2",".800",3.179,"N = 500",500,3,".60, .30, .10","D",830,99,11.9,17,2,0,0,115,13.9,715,"No"
"rilta_lta_m3_n_500_tp_3.179_m_1_l_0.3","Model 3",".800",3.179,"N = 500",500,1,".10, .30, .60","0.3",987,209,21.2,167,16.9,2,0.2,341,34.5,646,"No"
"rilta_lta_m3_n_500_tp_3.179_m_1_l_0.5","Model 3",".800",3.179,"N = 500",500,1,".10, .30, .60","0.5",926,193,20.8,146,15.8,2,0.2,305,32.9,621,"No"
"rilta_lta_m3_n_500_tp_3.179_m_1_l_0.7","Model 3",".800",3.179,"N = 500",500,1,".10, .30, .60","0.7",944,232,24.6,94,10,2,0.2,308,32.6,636,"No"
"rilta_lta_m3_n_500_tp_3.179_m_1_l_0.9","Model 3",".800",3.179,"N = 500",500,1,".10, .30, .60","0.9",1012,354,35,76,7.5,1,0.1,402,39.7,610,"No"
"rilta_lta_m3_n_500_tp_3.179_m_1_l_a","Model 3",".800",3.179,"N = 500",500,1,".10, .30, .60","A",1011,226,22.4,166,16.4,2,0.2,352,34.8,659,"No"
"rilta_lta_m3_n_500_tp_3.179_m_1_l_b","Model 3",".800",3.179,"N = 500",500,1,".10, .30, .60","B",1012,222,21.9,207,20.5,3,0.3,389,38.4,623,"No"
"rilta_lta_m3_n_500_tp_3.179_m_1_l_c","Model 3",".800",3.179,"N = 500",500,1,".10, .30, .60","C",1013,198,19.5,224,22.1,4,0.4,387,38.2,626,"No"
"rilta_lta_m3_n_500_tp_3.179_m_1_l_d","Model 3",".800",3.179,"N = 500",500,1,".10, .30, .60","D",1011,187,18.5,237,23.4,1,0.1,387,38.3,624,"No"
"rilta_lta_m3_n_500_tp_3.179_m_2_l_0.3","Model 3",".800",3.179,"N = 500",500,2,".33, .33, .33","0.3",977,321,32.9,19,1.9,3,0.3,337,34.5,640,"No"
"rilta_lta_m3_n_500_tp_3.179_m_2_l_0.5","Model 3",".800",3.179,"N = 500",500,2,".33, .33, .33","0.5",944,291,30.8,28,3,0,0,313,33.2,631,"No"
"rilta_lta_m3_n_500_tp_3.179_m_2_l_0.7","Model 3",".800",3.179,"N = 500",500,2,".33, .33, .33","0.7",975,323,33.1,24,2.5,1,0.1,340,34.9,635,"No"
"rilta_lta_m3_n_500_tp_3.179_m_2_l_0.9","Model 3",".800",3.179,"N = 500",500,2,".33, .33, .33","0.9",1010,367,36.3,29,2.9,0,0,383,37.9,627,"No"
"rilta_lta_m3_n_500_tp_3.179_m_2_l_a","Model 3",".800",3.179,"N = 500",500,2,".33, .33, .33","A",1009,305,30.2,26,2.6,1,0.1,319,31.6,690,"No"
"rilta_lta_m3_n_500_tp_3.179_m_2_l_b","Model 3",".800",3.179,"N = 500",500,2,".33, .33, .33","B",1009,309,30.6,40,4,1,0.1,342,33.9,667,"No"
"rilta_lta_m3_n_500_tp_3.179_m_2_l_c","Model 3",".800",3.179,"N = 500",500,2,".33, .33, .33","C",1008,312,31,63,6.2,0,0,356,35.3,652,"No"
"rilta_lta_m3_n_500_tp_3.179_m_2_l_d","Model 3",".800",3.179,"N = 500",500,2,".33, .33, .33","D",1007,286,28.4,127,12.6,3,0.3,381,37.8,626,"No"
"rilta_lta_m3_n_500_tp_3.179_m_3_l_0.3","Model 3",".800",3.179,"N = 500",500,3,".60, .30, .10","0.3",820,168,20.5,21,2.6,2,0.2,182,22.2,638,"No"
"rilta_lta_m3_n_500_tp_3.179_m_3_l_0.5","Model 3",".800",3.179,"N = 500",500,3,".60, .30, .10","0.5",821,183,22.3,24,2.9,0,0,201,24.5,620,"No"
"rilta_lta_m3_n_500_tp_3.179_m_3_l_0.7","Model 3",".800",3.179,"N = 500",500,3,".60, .30, .10","0.7",856,218,25.5,29,3.4,1,0.1,236,27.6,620,"No"
"rilta_lta_m3_n_500_tp_3.179_m_3_l_0.9","Model 3",".800",3.179,"N = 500",500,3,".60, .30, .10","0.9",907,227,25,42,4.6,0,0,259,28.6,648,"No"
"rilta_lta_m3_n_500_tp_3.179_m_3_l_a","Model 3",".800",3.179,"N = 500",500,3,".60, .30, .10","A",907,198,21.8,24,2.6,3,0.3,221,24.4,686,"No"
"rilta_lta_m3_n_500_tp_3.179_m_3_l_b","Model 3",".800",3.179,"N = 500",500,3,".60, .30, .10","B",904,189,20.9,18,2,2,0.2,204,22.6,700,"No"
"rilta_lta_m3_n_500_tp_3.179_m_3_l_c","Model 3",".800",3.179,"N = 500",500,3,".60, .30, .10","C",903,171,18.9,35,3.9,0,0,198,21.9,705,"No"
"rilta_lta_m3_n_500_tp_3.179_m_3_l_d","Model 3",".800",3.179,"N = 500",500,3,".60, .30, .10","D",905,167,18.5,104,11.5,2,0.2,248,27.4,657,"No"
"rilta_lta_m1_n_1000_tp_0.407_m_1_l_0.3","Model 1",".200",0.407,"N = 1000",1000,1,".10, .30, .60","0.3",1344,636,47.3,125,9.3,2,0.1,699,52,645,"No"
"rilta_lta_m1_n_1000_tp_0.407_m_1_l_0.5","Model 1",".200",0.407,"N = 1000",1000,1,".10, .30, .60","0.5",1452,691,47.6,125,8.6,7,0.5,761,52.4,691,"No"
"rilta_lta_m1_n_1000_tp_0.407_m_1_l_0.7","Model 1",".200",0.407,"N = 1000",1000,1,".10, .30, .60","0.7",1721,876,50.9,198,11.5,8,0.5,976,56.7,745,"No"
"rilta_lta_m1_n_1000_tp_0.407_m_1_l_0.9","Model 1",".200",0.407,"N = 1000",1000,1,".10, .30, .60","0.9",1978,1088,55,338,17.1,6,0.3,1231,62.2,747,"No"
"rilta_lta_m1_n_1000_tp_0.407_m_1_l_a","Model 1",".200",0.407,"N = 1000",1000,1,".10, .30, .60","A",1979,796,40.2,520,26.3,36,1.8,1125,56.8,854,"No"
"rilta_lta_m1_n_1000_tp_0.407_m_1_l_b","Model 1",".200",0.407,"N = 1000",1000,1,".10, .30, .60","B",1979,884,44.7,219,11.1,6,0.3,1001,50.6,978,"No"
"rilta_lta_m1_n_1000_tp_0.407_m_1_l_c","Model 1",".200",0.407,"N = 1000",1000,1,".10, .30, .60","C",1979,890,45,263,13.3,12,0.6,1044,52.8,935,"No"
"rilta_lta_m1_n_1000_tp_0.407_m_1_l_d","Model 1",".200",0.407,"N = 1000",1000,1,".10, .30, .60","D",1978,915,46.3,306,15.5,23,1.2,1081,54.7,897,"No"
"rilta_lta_m1_n_1000_tp_0.407_m_2_l_0.3","Model 1",".200",0.407,"N = 1000",1000,2,".33, .33, .33","0.3",1400,709,50.6,70,5,6,0.4,745,53.2,655,"No"
"rilta_lta_m1_n_1000_tp_0.407_m_2_l_0.5","Model 1",".200",0.407,"N = 1000",1000,2,".33, .33, .33","0.5",1492,773,51.8,50,3.4,4,0.3,803,53.8,689,"No"
"rilta_lta_m1_n_1000_tp_0.407_m_2_l_0.7","Model 1",".200",0.407,"N = 1000",1000,2,".33, .33, .33","0.7",1792,959,53.5,69,3.9,5,0.3,990,55.2,802,"No"
"rilta_lta_m1_n_1000_tp_0.407_m_2_l_0.9","Model 1",".200",0.407,"N = 1000",1000,2,".33, .33, .33","0.9",1650,893,54.1,116,7,4,0.2,946,57.3,704,"No"
"rilta_lta_m1_n_1000_tp_0.407_m_2_l_a","Model 1",".200",0.407,"N = 1000",1000,2,".33, .33, .33","A",1654,789,47.7,365,22.1,34,2.1,993,60,661,"No"
"rilta_lta_m1_n_1000_tp_0.407_m_2_l_b","Model 1",".200",0.407,"N = 1000",1000,2,".33, .33, .33","B",1654,842,50.9,126,7.6,9,0.5,907,54.8,747,"No"
"rilta_lta_m1_n_1000_tp_0.407_m_2_l_c","Model 1",".200",0.407,"N = 1000",1000,2,".33, .33, .33","C",1654,895,54.1,131,7.9,9,0.5,961,58.1,693,"No"
"rilta_lta_m1_n_1000_tp_0.407_m_2_l_d","Model 1",".200",0.407,"N = 1000",1000,2,".33, .33, .33","D",1654,910,55,135,8.2,8,0.5,974,58.9,680,"No"
"rilta_lta_m1_n_1000_tp_0.407_m_3_l_0.3","Model 1",".200",0.407,"N = 1000",1000,3,".60, .30, .10","0.3",1368,620,45.3,173,12.6,3,0.2,712,52,656,"No"
"rilta_lta_m1_n_1000_tp_0.407_m_3_l_0.5","Model 1",".200",0.407,"N = 1000",1000,3,".60, .30, .10","0.5",1322,586,44.3,166,12.6,3,0.2,678,51.3,644,"No"
"rilta_lta_m1_n_1000_tp_0.407_m_3_l_0.7","Model 1",".200",0.407,"N = 1000",1000,3,".60, .30, .10","0.7",1618,761,47,216,13.3,6,0.4,871,53.8,747,"No"
"rilta_lta_m1_n_1000_tp_0.407_m_3_l_0.9","Model 1",".200",0.407,"N = 1000",1000,3,".60, .30, .10","0.9",1593,756,47.5,286,18,0,0,900,56.5,693,"No"
"rilta_lta_m1_n_1000_tp_0.407_m_3_l_a","Model 1",".200",0.407,"N = 1000",1000,3,".60, .30, .10","A",1615,806,49.9,633,39.2,31,1.9,1116,69.1,499,"Yes"
"rilta_lta_m1_n_1000_tp_0.407_m_3_l_b","Model 1",".200",0.407,"N = 1000",1000,3,".60, .30, .10","B",1611,728,45.2,243,15.1,7,0.4,860,53.4,751,"No"
"rilta_lta_m1_n_1000_tp_0.407_m_3_l_c","Model 1",".200",0.407,"N = 1000",1000,3,".60, .30, .10","C",1612,693,43,254,15.8,9,0.6,837,51.9,775,"No"
"rilta_lta_m1_n_1000_tp_0.407_m_3_l_d","Model 1",".200",0.407,"N = 1000",1000,3,".60, .30, .10","D",1612,721,44.7,264,16.4,9,0.6,879,54.5,733,"No"
"rilta_lta_m2_n_1000_tp_0.407_m_1_l_0.3","Model 2",".200",0.407,"N = 1000",1000,1,".10, .30, .60","0.3",659,36,5.5,4,0.6,2,0.3,42,6.4,617,"No"
"rilta_lta_m2_n_1000_tp_0.407_m_1_l_0.5","Model 2",".200",0.407,"N = 1000",1000,1,".10, .30, .60","0.5",653,27,4.1,3,0.5,6,0.9,36,5.5,617,"No"
"rilta_lta_m2_n_1000_tp_0.407_m_1_l_0.7","Model 2",".200",0.407,"N = 1000",1000,1,".10, .30, .60","0.7",657,32,4.9,3,0.5,5,0.8,39,5.9,618,"No"
"rilta_lta_m2_n_1000_tp_0.407_m_1_l_0.9","Model 2",".200",0.407,"N = 1000",1000,1,".10, .30, .60","0.9",698,81,11.6,7,1,1,0.1,89,12.8,609,"No"
"rilta_lta_m2_n_1000_tp_0.407_m_1_l_a","Model 2",".200",0.407,"N = 1000",1000,1,".10, .30, .60","A",698,34,4.9,6,0.9,6,0.9,46,6.6,652,"No"
"rilta_lta_m2_n_1000_tp_0.407_m_1_l_b","Model 2",".200",0.407,"N = 1000",1000,1,".10, .30, .60","B",701,30,4.3,7,1,1,0.1,38,5.4,663,"No"
"rilta_lta_m2_n_1000_tp_0.407_m_1_l_c","Model 2",".200",0.407,"N = 1000",1000,1,".10, .30, .60","C",702,38,5.4,3,0.4,1,0.1,42,6,660,"No"
"rilta_lta_m2_n_1000_tp_0.407_m_1_l_d","Model 2",".200",0.407,"N = 1000",1000,1,".10, .30, .60","D",699,48,6.9,0,0,1,0.1,49,7,650,"No"
"rilta_lta_m2_n_1000_tp_0.407_m_2_l_0.3","Model 2",".200",0.407,"N = 1000",1000,2,".33, .33, .33","0.3",687,69,10,2,0.3,5,0.7,76,11.1,611,"No"
"rilta_lta_m2_n_1000_tp_0.407_m_2_l_0.5","Model 2",".200",0.407,"N = 1000",1000,2,".33, .33, .33","0.5",698,63,9,3,0.4,5,0.7,71,10.2,627,"No"
"rilta_lta_m2_n_1000_tp_0.407_m_2_l_0.7","Model 2",".200",0.407,"N = 1000",1000,2,".33, .33, .33","0.7",724,88,12.2,3,0.4,2,0.3,93,12.8,631,"No"
"rilta_lta_m2_n_1000_tp_0.407_m_2_l_0.9","Model 2",".200",0.407,"N = 1000",1000,2,".33, .33, .33","0.9",743,125,16.8,1,0.1,6,0.8,131,17.6,612,"No"
"rilta_lta_m2_n_1000_tp_0.407_m_2_l_a","Model 2",".200",0.407,"N = 1000",1000,2,".33, .33, .33","A",743,59,7.9,1,0.1,4,0.5,64,8.6,679,"No"
"rilta_lta_m2_n_1000_tp_0.407_m_2_l_b","Model 2",".200",0.407,"N = 1000",1000,2,".33, .33, .33","B",743,87,11.7,1,0.1,4,0.5,92,12.4,651,"No"
"rilta_lta_m2_n_1000_tp_0.407_m_2_l_c","Model 2",".200",0.407,"N = 1000",1000,2,".33, .33, .33","C",744,98,13.2,6,0.8,1,0.1,105,14.1,639,"No"
"rilta_lta_m2_n_1000_tp_0.407_m_2_l_d","Model 2",".200",0.407,"N = 1000",1000,2,".33, .33, .33","D",744,91,12.2,3,0.4,1,0.1,95,12.8,649,"No"
"rilta_lta_m2_n_1000_tp_0.407_m_3_l_0.3","Model 2",".200",0.407,"N = 1000",1000,3,".60, .30, .10","0.3",709,87,12.3,3,0.4,3,0.4,93,13.1,616,"No"
"rilta_lta_m2_n_1000_tp_0.407_m_3_l_0.5","Model 2",".200",0.407,"N = 1000",1000,3,".60, .30, .10","0.5",694,76,11,0,0,1,0.1,77,11.1,617,"No"
"rilta_lta_m2_n_1000_tp_0.407_m_3_l_0.7","Model 2",".200",0.407,"N = 1000",1000,3,".60, .30, .10","0.7",716,94,13.1,0,0,2,0.3,95,13.3,621,"No"
"rilta_lta_m2_n_1000_tp_0.407_m_3_l_0.9","Model 2",".200",0.407,"N = 1000",1000,3,".60, .30, .10","0.9",715,92,12.9,1,0.1,1,0.1,94,13.1,621,"No"
"rilta_lta_m2_n_1000_tp_0.407_m_3_l_a","Model 2",".200",0.407,"N = 1000",1000,3,".60, .30, .10","A",712,76,10.7,3,0.4,0,0,79,11.1,633,"No"
"rilta_lta_m2_n_1000_tp_0.407_m_3_l_b","Model 2",".200",0.407,"N = 1000",1000,3,".60, .30, .10","B",714,98,13.7,2,0.3,1,0.1,101,14.1,613,"No"
"rilta_lta_m2_n_1000_tp_0.407_m_3_l_c","Model 2",".200",0.407,"N = 1000",1000,3,".60, .30, .10","C",713,93,13,3,0.4,3,0.4,99,13.9,614,"No"
"rilta_lta_m2_n_1000_tp_0.407_m_3_l_d","Model 2",".200",0.407,"N = 1000",1000,3,".60, .30, .10","D",716,88,12.3,3,0.4,4,0.6,92,12.8,624,"No"
"rilta_lta_m3_n_1000_tp_0.407_m_1_l_0.3","Model 3",".200",0.407,"N = 1000",1000,1,".10, .30, .60","0.3",793,152,19.2,6,0.8,1,0.1,159,20.1,634,"No"
"rilta_lta_m3_n_1000_tp_0.407_m_1_l_0.5","Model 3",".200",0.407,"N = 1000",1000,1,".10, .30, .60","0.5",797,169,21.2,5,0.6,2,0.3,174,21.8,623,"No"
"rilta_lta_m3_n_1000_tp_0.407_m_1_l_0.7","Model 3",".200",0.407,"N = 1000",1000,1,".10, .30, .60","0.7",797,189,23.7,3,0.4,2,0.3,192,24.1,605,"No"
"rilta_lta_m3_n_1000_tp_0.407_m_1_l_0.9","Model 3",".200",0.407,"N = 1000",1000,1,".10, .30, .60","0.9",1021,404,39.6,1,0.1,0,0,404,39.6,617,"No"
"rilta_lta_m3_n_1000_tp_0.407_m_1_l_a","Model 3",".200",0.407,"N = 1000",1000,1,".10, .30, .60","A",1021,256,25.1,32,3.1,2,0.2,270,26.4,751,"No"
"rilta_lta_m3_n_1000_tp_0.407_m_1_l_b","Model 3",".200",0.407,"N = 1000",1000,1,".10, .30, .60","B",1020,213,20.9,8,0.8,0,0,219,21.5,801,"No"
"rilta_lta_m3_n_1000_tp_0.407_m_1_l_c","Model 3",".200",0.407,"N = 1000",1000,1,".10, .30, .60","C",1021,227,22.2,13,1.3,0,0,236,23.1,785,"No"
"rilta_lta_m3_n_1000_tp_0.407_m_1_l_d","Model 3",".200",0.407,"N = 1000",1000,1,".10, .30, .60","D",1019,189,18.5,23,2.3,0,0,209,20.5,810,"No"
"rilta_lta_m3_n_1000_tp_0.407_m_2_l_0.3","Model 3",".200",0.407,"N = 1000",1000,2,".33, .33, .33","0.3",864,229,26.5,0,0,0,0,229,26.5,635,"No"
"rilta_lta_m3_n_1000_tp_0.407_m_2_l_0.5","Model 3",".200",0.407,"N = 1000",1000,2,".33, .33, .33","0.5",936,286,30.6,1,0.1,0,0,286,30.6,650,"No"
"rilta_lta_m3_n_1000_tp_0.407_m_2_l_0.7","Model 3",".200",0.407,"N = 1000",1000,2,".33, .33, .33","0.7",834,212,25.4,0,0,0,0,212,25.4,622,"No"
"rilta_lta_m3_n_1000_tp_0.407_m_2_l_0.9","Model 3",".200",0.407,"N = 1000",1000,2,".33, .33, .33","0.9",914,308,33.7,1,0.1,0,0,309,33.8,605,"No"
"rilta_lta_m3_n_1000_tp_0.407_m_2_l_a","Model 3",".200",0.407,"N = 1000",1000,2,".33, .33, .33","A",915,272,29.7,0,0,1,0.1,273,29.8,642,"No"
"rilta_lta_m3_n_1000_tp_0.407_m_2_l_b","Model 3",".200",0.407,"N = 1000",1000,2,".33, .33, .33","B",914,234,25.6,2,0.2,2,0.2,237,25.9,677,"No"
"rilta_lta_m3_n_1000_tp_0.407_m_2_l_c","Model 3",".200",0.407,"N = 1000",1000,2,".33, .33, .33","C",915,225,24.6,0,0,1,0.1,226,24.7,689,"No"
"rilta_lta_m3_n_1000_tp_0.407_m_2_l_d","Model 3",".200",0.407,"N = 1000",1000,2,".33, .33, .33","D",915,213,23.3,22,2.4,5,0.5,229,25,686,"No"
"rilta_lta_m3_n_1000_tp_0.407_m_3_l_0.3","Model 3",".200",0.407,"N = 1000",1000,3,".60, .30, .10","0.3",821,196,23.9,0,0,0,0,196,23.9,625,"No"
"rilta_lta_m3_n_1000_tp_0.407_m_3_l_0.5","Model 3",".200",0.407,"N = 1000",1000,3,".60, .30, .10","0.5",829,201,24.2,2,0.2,0,0,203,24.5,626,"No"
"rilta_lta_m3_n_1000_tp_0.407_m_3_l_0.7","Model 3",".200",0.407,"N = 1000",1000,3,".60, .30, .10","0.7",886,252,28.4,4,0.5,0,0,256,28.9,630,"No"
"rilta_lta_m3_n_1000_tp_0.407_m_3_l_0.9","Model 3",".200",0.407,"N = 1000",1000,3,".60, .30, .10","0.9",882,234,26.5,2,0.2,0,0,236,26.8,646,"No"
"rilta_lta_m3_n_1000_tp_0.407_m_3_l_a","Model 3",".200",0.407,"N = 1000",1000,3,".60, .30, .10","A",879,191,21.7,1,0.1,0,0,192,21.8,687,"No"
"rilta_lta_m3_n_1000_tp_0.407_m_3_l_b","Model 3",".200",0.407,"N = 1000",1000,3,".60, .30, .10","B",883,197,22.3,1,0.1,0,0,197,22.3,686,"No"
"rilta_lta_m3_n_1000_tp_0.407_m_3_l_c","Model 3",".200",0.407,"N = 1000",1000,3,".60, .30, .10","C",880,188,21.4,2,0.2,3,0.3,191,21.7,689,"No"
"rilta_lta_m3_n_1000_tp_0.407_m_3_l_d","Model 3",".200",0.407,"N = 1000",1000,3,".60, .30, .10","D",882,187,21.2,3,0.3,3,0.3,192,21.8,690,"No"
"rilta_lta_m1_n_1000_tp_3.179_m_1_l_0.3","Model 1",".800",3.179,"N = 1000",1000,1,".10, .30, .60","0.3",1722,835,48.5,345,20,10,0.6,1022,59.3,700,"No"
"rilta_lta_m1_n_1000_tp_3.179_m_1_l_0.5","Model 1",".800",3.179,"N = 1000",1000,1,".10, .30, .60","0.5",1919,999,52.1,418,21.8,12,0.6,1213,63.2,706,"No"
"rilta_lta_m1_n_1000_tp_3.179_m_1_l_0.7","Model 1",".800",3.179,"N = 1000",1000,1,".10, .30, .60","0.7",2773,1514,54.6,743,26.8,9,0.3,1872,67.5,901,"No"
"rilta_lta_m1_n_1000_tp_3.179_m_1_l_0.9","Model 1",".800",3.179,"N = 1000",1000,1,".10, .30, .60","0.9",4511,2760,61.2,1550,34.4,11,0.2,3377,74.9,1134,"No"
"rilta_lta_m1_n_1000_tp_3.179_m_1_l_a","Model 1",".800",3.179,"N = 1000",1000,1,".10, .30, .60","A",4515,1784,39.5,1574,34.9,95,2.1,2844,63,1671,"No"
"rilta_lta_m1_n_1000_tp_3.179_m_1_l_b","Model 1",".800",3.179,"N = 1000",1000,1,".10, .30, .60","B",4518,2214,49,802,17.8,33,0.7,2661,58.9,1857,"No"
"rilta_lta_m1_n_1000_tp_3.179_m_1_l_c","Model 1",".800",3.179,"N = 1000",1000,1,".10, .30, .60","C",4519,2218,49.1,806,17.8,30,0.7,2641,58.4,1878,"No"
"rilta_lta_m1_n_1000_tp_3.179_m_1_l_d","Model 1",".800",3.179,"N = 1000",1000,1,".10, .30, .60","D",4515,2175,48.2,891,19.7,36,0.8,2647,58.6,1868,"No"
"rilta_lta_m1_n_1000_tp_3.179_m_2_l_0.3","Model 1",".800",3.179,"N = 1000",1000,2,".33, .33, .33","0.3",2088,1249,59.8,185,8.9,10,0.5,1336,64,752,"No"
"rilta_lta_m1_n_1000_tp_3.179_m_2_l_0.5","Model 1",".800",3.179,"N = 1000",1000,2,".33, .33, .33","0.5",1756,1005,57.2,160,9.1,6,0.3,1088,62,668,"No"
"rilta_lta_m1_n_1000_tp_3.179_m_2_l_0.7","Model 1",".800",3.179,"N = 1000",1000,2,".33, .33, .33","0.7",2244,1320,58.8,275,12.3,8,0.4,1444,64.3,800,"No"
"rilta_lta_m1_n_1000_tp_3.179_m_2_l_0.9","Model 1",".800",3.179,"N = 1000",1000,2,".33, .33, .33","0.9",2967,1839,62,528,17.8,6,0.2,2041,68.8,926,"No"
"rilta_lta_m1_n_1000_tp_3.179_m_2_l_a","Model 1",".800",3.179,"N = 1000",1000,2,".33, .33, .33","A",2978,1539,51.7,798,26.8,62,2.1,1978,66.4,1000,"No"
"rilta_lta_m1_n_1000_tp_3.179_m_2_l_b","Model 1",".800",3.179,"N = 1000",1000,2,".33, .33, .33","B",2979,1719,57.7,260,8.7,14,0.5,1841,61.8,1138,"No"
"rilta_lta_m1_n_1000_tp_3.179_m_2_l_c","Model 1",".800",3.179,"N = 1000",1000,2,".33, .33, .33","C",2979,1678,56.3,277,9.3,20,0.7,1813,60.9,1166,"No"
"rilta_lta_m1_n_1000_tp_3.179_m_2_l_d","Model 1",".800",3.179,"N = 1000",1000,2,".33, .33, .33","D",2978,1697,57,290,9.7,21,0.7,1824,61.2,1154,"No"
"rilta_lta_m1_n_1000_tp_3.179_m_3_l_0.3","Model 1",".800",3.179,"N = 1000",1000,3,".60, .30, .10","0.3",1492,670,44.9,270,18.1,5,0.3,821,55,671,"No"
"rilta_lta_m1_n_1000_tp_3.179_m_3_l_0.5","Model 1",".800",3.179,"N = 1000",1000,3,".60, .30, .10","0.5",1508,684,45.4,277,18.4,5,0.3,827,54.8,681,"No"
"rilta_lta_m1_n_1000_tp_3.179_m_3_l_0.7","Model 1",".800",3.179,"N = 1000",1000,3,".60, .30, .10","0.7",1962,1038,52.9,419,21.4,5,0.3,1218,62.1,744,"No"
"rilta_lta_m1_n_1000_tp_3.179_m_3_l_0.9","Model 1",".800",3.179,"N = 1000",1000,3,".60, .30, .10","0.9",2498,1462,58.5,722,28.9,7,0.3,1714,68.6,784,"No"
"rilta_lta_m1_n_1000_tp_3.179_m_3_l_a","Model 1",".800",3.179,"N = 1000",1000,3,".60, .30, .10","A",2514,1452,57.8,1083,43.1,32,1.3,1870,74.4,644,"No"
"rilta_lta_m1_n_1000_tp_3.179_m_3_l_b","Model 1",".800",3.179,"N = 1000",1000,3,".60, .30, .10","B",2509,1116,44.5,547,21.8,14,0.6,1415,56.4,1094,"No"
"rilta_lta_m1_n_1000_tp_3.179_m_3_l_c","Model 1",".800",3.179,"N = 1000",1000,3,".60, .30, .10","C",2512,1105,44,580,23.1,18,0.7,1426,56.8,1086,"No"
"rilta_lta_m1_n_1000_tp_3.179_m_3_l_d","Model 1",".800",3.179,"N = 1000",1000,3,".60, .30, .10","D",2513,1172,46.6,610,24.3,11,0.4,1493,59.4,1020,"No"
"rilta_lta_m2_n_1000_tp_3.179_m_1_l_0.3","Model 2",".800",3.179,"N = 1000",1000,1,".10, .30, .60","0.3",672,52,7.7,5,0.7,2,0.3,59,8.8,613,"No"
"rilta_lta_m2_n_1000_tp_3.179_m_1_l_0.5","Model 2",".800",3.179,"N = 1000",1000,1,".10, .30, .60","0.5",691,72,10.4,9,1.3,1,0.1,81,11.7,610,"No"
"rilta_lta_m2_n_1000_tp_3.179_m_1_l_0.7","Model 2",".800",3.179,"N = 1000",1000,1,".10, .30, .60","0.7",758,101,13.3,20,2.6,1,0.1,121,16,637,"No"
"rilta_lta_m2_n_1000_tp_3.179_m_1_l_0.9","Model 2",".800",3.179,"N = 1000",1000,1,".10, .30, .60","0.9",735,91,12.4,20,2.7,1,0.1,112,15.2,623,"No"
"rilta_lta_m2_n_1000_tp_3.179_m_1_l_a","Model 2",".800",3.179,"N = 1000",1000,1,".10, .30, .60","A",723,63,8.7,9,1.2,4,0.6,76,10.5,647,"No"
"rilta_lta_m2_n_1000_tp_3.179_m_1_l_b","Model 2",".800",3.179,"N = 1000",1000,1,".10, .30, .60","B",735,62,8.4,16,2.2,2,0.3,80,10.9,655,"No"
"rilta_lta_m2_n_1000_tp_3.179_m_1_l_c","Model 2",".800",3.179,"N = 1000",1000,1,".10, .30, .60","C",736,71,9.6,17,2.3,2,0.3,88,12,648,"No"
"rilta_lta_m2_n_1000_tp_3.179_m_1_l_d","Model 2",".800",3.179,"N = 1000",1000,1,".10, .30, .60","D",737,70,9.5,26,3.5,0,0,93,12.6,644,"No"
"rilta_lta_m2_n_1000_tp_3.179_m_2_l_0.3","Model 2",".800",3.179,"N = 1000",1000,2,".33, .33, .33","0.3",780,156,20,0,0,1,0.1,157,20.1,623,"No"
"rilta_lta_m2_n_1000_tp_3.179_m_2_l_0.5","Model 2",".800",3.179,"N = 1000",1000,2,".33, .33, .33","0.5",773,149,19.3,0,0,0,0,149,19.3,624,"No"
"rilta_lta_m2_n_1000_tp_3.179_m_2_l_0.7","Model 2",".800",3.179,"N = 1000",1000,2,".33, .33, .33","0.7",797,176,22.1,0,0,1,0.1,177,22.2,620,"No"
"rilta_lta_m2_n_1000_tp_3.179_m_2_l_0.9","Model 2",".800",3.179,"N = 1000",1000,2,".33, .33, .33","0.9",843,230,27.3,0,0,0,0,230,27.3,613,"No"
"rilta_lta_m2_n_1000_tp_3.179_m_2_l_a","Model 2",".800",3.179,"N = 1000",1000,2,".33, .33, .33","A",838,174,20.8,0,0,2,0.2,176,21,662,"No"
"rilta_lta_m2_n_1000_tp_3.179_m_2_l_b","Model 2",".800",3.179,"N = 1000",1000,2,".33, .33, .33","B",841,174,20.7,0,0,1,0.1,175,20.8,666,"No"
"rilta_lta_m2_n_1000_tp_3.179_m_2_l_c","Model 2",".800",3.179,"N = 1000",1000,2,".33, .33, .33","C",841,172,20.5,0,0,0,0,172,20.5,669,"No"
"rilta_lta_m2_n_1000_tp_3.179_m_2_l_d","Model 2",".800",3.179,"N = 1000",1000,2,".33, .33, .33","D",842,155,18.4,1,0.1,1,0.1,156,18.5,686,"No"
"rilta_lta_m2_n_1000_tp_3.179_m_3_l_0.3","Model 2",".800",3.179,"N = 1000",1000,3,".60, .30, .10","0.3",773,139,18,3,0.4,1,0.1,143,18.5,630,"No"
"rilta_lta_m2_n_1000_tp_3.179_m_3_l_0.5","Model 2",".800",3.179,"N = 1000",1000,3,".60, .30, .10","0.5",751,137,18.2,0,0,3,0.4,138,18.4,613,"No"
"rilta_lta_m2_n_1000_tp_3.179_m_3_l_0.7","Model 2",".800",3.179,"N = 1000",1000,3,".60, .30, .10","0.7",751,137,18.2,0,0,1,0.1,137,18.2,614,"No"
"rilta_lta_m2_n_1000_tp_3.179_m_3_l_0.9","Model 2",".800",3.179,"N = 1000",1000,3,".60, .30, .10","0.9",813,194,23.9,1,0.1,0,0,194,23.9,619,"No"
"rilta_lta_m2_n_1000_tp_3.179_m_3_l_a","Model 2",".800",3.179,"N = 1000",1000,3,".60, .30, .10","A",816,136,16.7,1,0.1,1,0.1,137,16.8,679,"No"
"rilta_lta_m2_n_1000_tp_3.179_m_3_l_b","Model 2",".800",3.179,"N = 1000",1000,3,".60, .30, .10","B",812,127,15.6,3,0.4,3,0.4,132,16.3,680,"No"
"rilta_lta_m2_n_1000_tp_3.179_m_3_l_c","Model 2",".800",3.179,"N = 1000",1000,3,".60, .30, .10","C",813,143,17.6,0,0,3,0.4,145,17.8,668,"No"
"rilta_lta_m2_n_1000_tp_3.179_m_3_l_d","Model 2",".800",3.179,"N = 1000",1000,3,".60, .30, .10","D",815,123,15.1,3,0.4,0,0,125,15.3,690,"No"
"rilta_lta_m3_n_1000_tp_3.179_m_1_l_0.3","Model 3",".800",3.179,"N = 1000",1000,1,".10, .30, .60","0.3",855,189,22.1,64,7.5,0,0,236,27.6,619,"No"
"rilta_lta_m3_n_1000_tp_3.179_m_1_l_0.5","Model 3",".800",3.179,"N = 1000",1000,1,".10, .30, .60","0.5",865,201,23.2,37,4.3,0,0,231,26.7,634,"No"
"rilta_lta_m3_n_1000_tp_3.179_m_1_l_0.7","Model 3",".800",3.179,"N = 1000",1000,1,".10, .30, .60","0.7",878,235,26.8,19,2.2,0,0,250,28.5,628,"No"
"rilta_lta_m3_n_1000_tp_3.179_m_1_l_0.9","Model 3",".800",3.179,"N = 1000",1000,1,".10, .30, .60","0.9",933,287,30.8,11,1.2,0,0,295,31.6,638,"No"
"rilta_lta_m3_n_1000_tp_3.179_m_1_l_a","Model 3",".800",3.179,"N = 1000",1000,1,".10, .30, .60","A",932,224,24,43,4.6,1,0.1,257,27.6,675,"No"
"rilta_lta_m3_n_1000_tp_3.179_m_1_l_b","Model 3",".800",3.179,"N = 1000",1000,1,".10, .30, .60","B",930,179,19.2,83,8.9,2,0.2,247,26.6,683,"No"
"rilta_lta_m3_n_1000_tp_3.179_m_1_l_c","Model 3",".800",3.179,"N = 1000",1000,1,".10, .30, .60","C",932,196,21,107,11.5,0,0,273,29.3,659,"No"
"rilta_lta_m3_n_1000_tp_3.179_m_1_l_d","Model 3",".800",3.179,"N = 1000",1000,1,".10, .30, .60","D",933,196,21,127,13.6,0,0,289,31,644,"No"
"rilta_lta_m3_n_1000_tp_3.179_m_2_l_0.3","Model 3",".800",3.179,"N = 1000",1000,2,".33, .33, .33","0.3",908,288,31.7,3,0.3,0,0,290,31.9,618,"No"
"rilta_lta_m3_n_1000_tp_3.179_m_2_l_0.5","Model 3",".800",3.179,"N = 1000",1000,2,".33, .33, .33","0.5",935,295,31.6,3,0.3,0,0,298,31.9,637,"No"
"rilta_lta_m3_n_1000_tp_3.179_m_2_l_0.7","Model 3",".800",3.179,"N = 1000",1000,2,".33, .33, .33","0.7",964,356,36.9,2,0.2,0,0,357,37,607,"No"
"rilta_lta_m3_n_1000_tp_3.179_m_2_l_0.9","Model 3",".800",3.179,"N = 1000",1000,2,".33, .33, .33","0.9",1021,394,38.6,1,0.1,0,0,395,38.7,626,"No"
"rilta_lta_m3_n_1000_tp_3.179_m_2_l_a","Model 3",".800",3.179,"N = 1000",1000,2,".33, .33, .33","A",1021,308,30.2,5,0.5,0,0,311,30.5,710,"No"
"rilta_lta_m3_n_1000_tp_3.179_m_2_l_b","Model 3",".800",3.179,"N = 1000",1000,2,".33, .33, .33","B",1021,294,28.8,9,0.9,0,0,301,29.5,720,"No"
"rilta_lta_m3_n_1000_tp_3.179_m_2_l_c","Model 3",".800",3.179,"N = 1000",1000,2,".33, .33, .33","C",1021,297,29.1,30,2.9,0,0,322,31.5,699,"No"
"rilta_lta_m3_n_1000_tp_3.179_m_2_l_d","Model 3",".800",3.179,"N = 1000",1000,2,".33, .33, .33","D",1021,302,29.6,54,5.3,1,0.1,342,33.5,679,"No"
"rilta_lta_m3_n_1000_tp_3.179_m_3_l_0.3","Model 3",".800",3.179,"N = 1000",1000,3,".60, .30, .10","0.3",786,166,21.1,0,0,0,0,166,21.1,620,"No"
"rilta_lta_m3_n_1000_tp_3.179_m_3_l_0.5","Model 3",".800",3.179,"N = 1000",1000,3,".60, .30, .10","0.5",859,233,27.1,0,0,0,0,233,27.1,626,"No"
"rilta_lta_m3_n_1000_tp_3.179_m_3_l_0.7","Model 3",".800",3.179,"N = 1000",1000,3,".60, .30, .10","0.7",842,218,25.9,2,0.2,0,0,220,26.1,622,"No"
"rilta_lta_m3_n_1000_tp_3.179_m_3_l_0.9","Model 3",".800",3.179,"N = 1000",1000,3,".60, .30, .10","0.9",842,203,24.1,4,0.5,0,0,207,24.6,635,"No"
"rilta_lta_m3_n_1000_tp_3.179_m_3_l_a","Model 3",".800",3.179,"N = 1000",1000,3,".60, .30, .10","A",841,189,22.5,1,0.1,0,0,189,22.5,652,"No"
"rilta_lta_m3_n_1000_tp_3.179_m_3_l_b","Model 3",".800",3.179,"N = 1000",1000,3,".60, .30, .10","B",841,181,21.5,2,0.2,0,0,182,21.6,659,"No"
"rilta_lta_m3_n_1000_tp_3.179_m_3_l_c","Model 3",".800",3.179,"N = 1000",1000,3,".60, .30, .10","C",841,161,19.1,5,0.6,1,0.1,167,19.9,674,"No"
"rilta_lta_m3_n_1000_tp_3.179_m_3_l_d","Model 3",".800",3.179,"N = 1000",1000,3,".60, .30, .10","D",841,183,21.8,30,3.6,0,0,207,24.6,634,"No"
"rilta_lta_m1_n_2500_tp_0.407_m_1_l_0.3","Model 1",".200",0.407,"N = 2500",2500,1,".10, .30, .60","0.3",1229,568,46.2,4,0.3,0,0,571,46.5,658,"No"
"rilta_lta_m1_n_2500_tp_0.407_m_1_l_0.5","Model 1",".200",0.407,"N = 2500",2500,1,".10, .30, .60","0.5",1235,586,47.4,3,0.2,2,0.2,589,47.7,646,"No"
"rilta_lta_m1_n_2500_tp_0.407_m_1_l_0.7","Model 1",".200",0.407,"N = 2500",2500,1,".10, .30, .60","0.7",1414,721,51,15,1.1,1,0.1,728,51.5,686,"No"
"rilta_lta_m1_n_2500_tp_0.407_m_1_l_0.9","Model 1",".200",0.407,"N = 2500",2500,1,".10, .30, .60","0.9",1708,908,53.2,141,8.3,3,0.2,972,56.9,736,"No"
"rilta_lta_m1_n_2500_tp_0.407_m_1_l_a","Model 1",".200",0.407,"N = 2500",2500,1,".10, .30, .60","A",1711,737,43.1,210,12.3,49,2.9,894,52.3,817,"No"
"rilta_lta_m1_n_2500_tp_0.407_m_1_l_b","Model 1",".200",0.407,"N = 2500",2500,1,".10, .30, .60","B",1711,827,48.3,4,0.2,2,0.1,832,48.6,879,"No"
"rilta_lta_m1_n_2500_tp_0.407_m_1_l_c","Model 1",".200",0.407,"N = 2500",2500,1,".10, .30, .60","C",1711,851,49.7,8,0.5,3,0.2,858,50.1,853,"No"
"rilta_lta_m1_n_2500_tp_0.407_m_1_l_d","Model 1",".200",0.407,"N = 2500",2500,1,".10, .30, .60","D",1711,837,48.9,22,1.3,2,0.1,849,49.6,862,"No"
"rilta_lta_m1_n_2500_tp_0.407_m_2_l_0.3","Model 1",".200",0.407,"N = 2500",2500,2,".33, .33, .33","0.3",1484,781,52.6,1,0.1,2,0.1,783,52.8,701,"No"
"rilta_lta_m1_n_2500_tp_0.407_m_2_l_0.5","Model 1",".200",0.407,"N = 2500",2500,2,".33, .33, .33","0.5",1589,886,55.8,0,0,0,0,886,55.8,703,"No"
"rilta_lta_m1_n_2500_tp_0.407_m_2_l_0.7","Model 1",".200",0.407,"N = 2500",2500,2,".33, .33, .33","0.7",1722,970,56.3,1,0.1,2,0.1,971,56.4,751,"No"
"rilta_lta_m1_n_2500_tp_0.407_m_2_l_0.9","Model 1",".200",0.407,"N = 2500",2500,2,".33, .33, .33","0.9",1298,643,49.5,11,0.8,3,0.2,647,49.8,651,"No"
"rilta_lta_m1_n_2500_tp_0.407_m_2_l_a","Model 1",".200",0.407,"N = 2500",2500,2,".33, .33, .33","A",1299,635,48.9,241,18.6,44,3.4,784,60.4,515,"No"
"rilta_lta_m1_n_2500_tp_0.407_m_2_l_b","Model 1",".200",0.407,"N = 2500",2500,2,".33, .33, .33","B",1299,703,54.1,12,0.9,4,0.3,713,54.9,586,"No"
"rilta_lta_m1_n_2500_tp_0.407_m_2_l_c","Model 1",".200",0.407,"N = 2500",2500,2,".33, .33, .33","C",1299,746,57.4,4,0.3,2,0.2,748,57.6,551,"No"
"rilta_lta_m1_n_2500_tp_0.407_m_2_l_d","Model 1",".200",0.407,"N = 2500",2500,2,".33, .33, .33","D",1299,757,58.3,7,0.5,5,0.4,762,58.7,537,"No"
"rilta_lta_m1_n_2500_tp_0.407_m_3_l_0.3","Model 1",".200",0.407,"N = 2500",2500,3,".60, .30, .10","0.3",1281,626,48.9,23,1.8,1,0.1,636,49.6,645,"No"
"rilta_lta_m1_n_2500_tp_0.407_m_3_l_0.5","Model 1",".200",0.407,"N = 2500",2500,3,".60, .30, .10","0.5",1311,648,49.4,30,2.3,0,0,664,50.6,647,"No"
"rilta_lta_m1_n_2500_tp_0.407_m_3_l_0.7","Model 1",".200",0.407,"N = 2500",2500,3,".60, .30, .10","0.7",1428,714,50,49,3.4,1,0.1,738,51.7,690,"No"
"rilta_lta_m1_n_2500_tp_0.407_m_3_l_0.9","Model 1",".200",0.407,"N = 2500",2500,3,".60, .30, .10","0.9",1649,881,53.4,145,8.8,2,0.1,938,56.9,711,"No"
"rilta_lta_m1_n_2500_tp_0.407_m_3_l_a","Model 1",".200",0.407,"N = 2500",2500,3,".60, .30, .10","A",1669,727,43.6,464,27.8,36,2.2,993,59.5,676,"No"
"rilta_lta_m1_n_2500_tp_0.407_m_3_l_b","Model 1",".200",0.407,"N = 2500",2500,3,".60, .30, .10","B",1669,776,46.5,27,1.6,4,0.2,794,47.6,875,"No"
"rilta_lta_m1_n_2500_tp_0.407_m_3_l_c","Model 1",".200",0.407,"N = 2500",2500,3,".60, .30, .10","C",1668,764,45.8,40,2.4,2,0.1,781,46.8,887,"No"
"rilta_lta_m1_n_2500_tp_0.407_m_3_l_d","Model 1",".200",0.407,"N = 2500",2500,3,".60, .30, .10","D",1667,783,47,59,3.5,5,0.3,817,49,850,"No"
"rilta_lta_m2_n_2500_tp_0.407_m_1_l_0.3","Model 2",".200",0.407,"N = 2500",2500,1,".10, .30, .60","0.3",641,27,4.2,0,0,0,0,27,4.2,614,"No"
"rilta_lta_m2_n_2500_tp_0.407_m_1_l_0.5","Model 2",".200",0.407,"N = 2500",2500,1,".10, .30, .60","0.5",649,26,4,0,0,2,0.3,28,4.3,621,"No"
"rilta_lta_m2_n_2500_tp_0.407_m_1_l_0.7","Model 2",".200",0.407,"N = 2500",2500,1,".10, .30, .60","0.7",660,48,7.3,0,0,0,0,48,7.3,612,"No"
"rilta_lta_m2_n_2500_tp_0.407_m_1_l_0.9","Model 2",".200",0.407,"N = 2500",2500,1,".10, .30, .60","0.9",670,45,6.7,1,0.1,3,0.4,49,7.3,621,"No"
"rilta_lta_m2_n_2500_tp_0.407_m_1_l_a","Model 2",".200",0.407,"N = 2500",2500,1,".10, .30, .60","A",670,25,3.7,0,0,1,0.1,26,3.9,644,"No"
"rilta_lta_m2_n_2500_tp_0.407_m_1_l_b","Model 2",".200",0.407,"N = 2500",2500,1,".10, .30, .60","B",669,38,5.7,0,0,0,0,38,5.7,631,"No"
"rilta_lta_m2_n_2500_tp_0.407_m_1_l_c","Model 2",".200",0.407,"N = 2500",2500,1,".10, .30, .60","C",670,51,7.6,0,0,0,0,51,7.6,619,"No"
"rilta_lta_m2_n_2500_tp_0.407_m_1_l_d","Model 2",".200",0.407,"N = 2500",2500,1,".10, .30, .60","D",669,34,5.1,0,0,0,0,34,5.1,635,"No"
"rilta_lta_m2_n_2500_tp_0.407_m_2_l_0.3","Model 2",".200",0.407,"N = 2500",2500,2,".33, .33, .33","0.3",682,62,9.1,0,0,0,0,62,9.1,620,"No"
"rilta_lta_m2_n_2500_tp_0.407_m_2_l_0.5","Model 2",".200",0.407,"N = 2500",2500,2,".33, .33, .33","0.5",680,64,9.4,0,0,0,0,64,9.4,616,"No"
"rilta_lta_m2_n_2500_tp_0.407_m_2_l_0.7","Model 2",".200",0.407,"N = 2500",2500,2,".33, .33, .33","0.7",708,97,13.7,0,0,0,0,97,13.7,611,"No"
"rilta_lta_m2_n_2500_tp_0.407_m_2_l_0.9","Model 2",".200",0.407,"N = 2500",2500,2,".33, .33, .33","0.9",737,114,15.5,0,0,0,0,114,15.5,623,"No"
"rilta_lta_m2_n_2500_tp_0.407_m_2_l_a","Model 2",".200",0.407,"N = 2500",2500,2,".33, .33, .33","A",732,66,9,0,0,2,0.3,68,9.3,664,"No"
"rilta_lta_m2_n_2500_tp_0.407_m_2_l_b","Model 2",".200",0.407,"N = 2500",2500,2,".33, .33, .33","B",737,64,8.7,0,0,0,0,64,8.7,673,"No"
"rilta_lta_m2_n_2500_tp_0.407_m_2_l_c","Model 2",".200",0.407,"N = 2500",2500,2,".33, .33, .33","C",737,73,9.9,0,0,0,0,73,9.9,664,"No"
"rilta_lta_m2_n_2500_tp_0.407_m_2_l_d","Model 2",".200",0.407,"N = 2500",2500,2,".33, .33, .33","D",737,54,7.3,0,0,1,0.1,55,7.5,682,"No"
"rilta_lta_m2_n_2500_tp_0.407_m_3_l_0.3","Model 2",".200",0.407,"N = 2500",2500,3,".60, .30, .10","0.3",692,68,9.8,0,0,0,0,68,9.8,624,"No"
"rilta_lta_m2_n_2500_tp_0.407_m_3_l_0.5","Model 2",".200",0.407,"N = 2500",2500,3,".60, .30, .10","0.5",685,67,9.8,0,0,0,0,67,9.8,618,"No"
"rilta_lta_m2_n_2500_tp_0.407_m_3_l_0.7","Model 2",".200",0.407,"N = 2500",2500,3,".60, .30, .10","0.7",682,60,8.8,0,0,0,0,60,8.8,622,"No"
"rilta_lta_m2_n_2500_tp_0.407_m_3_l_0.9","Model 2",".200",0.407,"N = 2500",2500,3,".60, .30, .10","0.9",685,73,10.7,0,0,0,0,73,10.7,612,"No"
"rilta_lta_m2_n_2500_tp_0.407_m_3_l_a","Model 2",".200",0.407,"N = 2500",2500,3,".60, .30, .10","A",684,69,10.1,0,0,0,0,69,10.1,615,"No"
"rilta_lta_m2_n_2500_tp_0.407_m_3_l_b","Model 2",".200",0.407,"N = 2500",2500,3,".60, .30, .10","B",684,69,10.1,0,0,0,0,69,10.1,615,"No"
"rilta_lta_m2_n_2500_tp_0.407_m_3_l_c","Model 2",".200",0.407,"N = 2500",2500,3,".60, .30, .10","C",683,64,9.4,0,0,1,0.1,64,9.4,619,"No"
"rilta_lta_m2_n_2500_tp_0.407_m_3_l_d","Model 2",".200",0.407,"N = 2500",2500,3,".60, .30, .10","D",684,75,11,0,0,0,0,75,11,609,"No"
"rilta_lta_m3_n_2500_tp_0.407_m_1_l_0.3","Model 3",".200",0.407,"N = 2500",2500,1,".10, .30, .60","0.3",720,100,13.9,0,0,0,0,100,13.9,620,"No"
"rilta_lta_m3_n_2500_tp_0.407_m_1_l_0.5","Model 3",".200",0.407,"N = 2500",2500,1,".10, .30, .60","0.5",762,132,17.3,0,0,0,0,132,17.3,630,"No"
"rilta_lta_m3_n_2500_tp_0.407_m_1_l_0.7","Model 3",".200",0.407,"N = 2500",2500,1,".10, .30, .60","0.7",820,212,25.9,0,0,0,0,212,25.9,608,"No"
"rilta_lta_m3_n_2500_tp_0.407_m_1_l_0.9","Model 3",".200",0.407,"N = 2500",2500,1,".10, .30, .60","0.9",1068,423,39.6,0,0,3,0.3,425,39.8,643,"No"
"rilta_lta_m3_n_2500_tp_0.407_m_1_l_a","Model 3",".200",0.407,"N = 2500",2500,1,".10, .30, .60","A",1068,235,22,0,0,0,0,235,22,833,"No"
"rilta_lta_m3_n_2500_tp_0.407_m_1_l_b","Model 3",".200",0.407,"N = 2500",2500,1,".10, .30, .60","B",1068,242,22.7,0,0,0,0,242,22.7,826,"No"
"rilta_lta_m3_n_2500_tp_0.407_m_1_l_c","Model 3",".200",0.407,"N = 2500",2500,1,".10, .30, .60","C",1067,237,22.2,0,0,0,0,237,22.2,830,"No"
"rilta_lta_m3_n_2500_tp_0.407_m_1_l_d","Model 3",".200",0.407,"N = 2500",2500,1,".10, .30, .60","D",1068,237,22.2,0,0,0,0,237,22.2,831,"No"
"rilta_lta_m3_n_2500_tp_0.407_m_2_l_0.3","Model 3",".200",0.407,"N = 2500",2500,2,".33, .33, .33","0.3",852,230,27,0,0,0,0,230,27,622,"No"
"rilta_lta_m3_n_2500_tp_0.407_m_2_l_0.5","Model 3",".200",0.407,"N = 2500",2500,2,".33, .33, .33","0.5",875,251,28.7,0,0,0,0,251,28.7,624,"No"
"rilta_lta_m3_n_2500_tp_0.407_m_2_l_0.7","Model 3",".200",0.407,"N = 2500",2500,2,".33, .33, .33","0.7",894,266,29.8,0,0,1,0.1,267,29.9,627,"No"
"rilta_lta_m3_n_2500_tp_0.407_m_2_l_0.9","Model 3",".200",0.407,"N = 2500",2500,2,".33, .33, .33","0.9",1021,384,37.6,0,0,0,0,384,37.6,637,"No"
"rilta_lta_m3_n_2500_tp_0.407_m_2_l_a","Model 3",".200",0.407,"N = 2500",2500,2,".33, .33, .33","A",1021,304,29.8,0,0,0,0,304,29.8,717,"No"
"rilta_lta_m3_n_2500_tp_0.407_m_2_l_b","Model 3",".200",0.407,"N = 2500",2500,2,".33, .33, .33","B",1021,278,27.2,0,0,0,0,278,27.2,743,"No"
"rilta_lta_m3_n_2500_tp_0.407_m_2_l_c","Model 3",".200",0.407,"N = 2500",2500,2,".33, .33, .33","C",1021,271,26.5,0,0,1,0.1,272,26.6,749,"No"
"rilta_lta_m3_n_2500_tp_0.407_m_2_l_d","Model 3",".200",0.407,"N = 2500",2500,2,".33, .33, .33","D",1021,219,21.4,0,0,0,0,219,21.4,802,"No"
"rilta_lta_m3_n_2500_tp_0.407_m_3_l_0.3","Model 3",".200",0.407,"N = 2500",2500,3,".60, .30, .10","0.3",780,174,22.3,0,0,0,0,174,22.3,606,"No"
"rilta_lta_m3_n_2500_tp_0.407_m_3_l_0.5","Model 3",".200",0.407,"N = 2500",2500,3,".60, .30, .10","0.5",862,225,26.1,0,0,0,0,225,26.1,637,"No"
"rilta_lta_m3_n_2500_tp_0.407_m_3_l_0.7","Model 3",".200",0.407,"N = 2500",2500,3,".60, .30, .10","0.7",870,230,26.4,0,0,0,0,230,26.4,640,"No"
"rilta_lta_m3_n_2500_tp_0.407_m_3_l_0.9","Model 3",".200",0.407,"N = 2500",2500,3,".60, .30, .10","0.9",878,251,28.6,0,0,0,0,251,28.6,627,"No"
"rilta_lta_m3_n_2500_tp_0.407_m_3_l_a","Model 3",".200",0.407,"N = 2500",2500,3,".60, .30, .10","A",878,202,23,0,0,0,0,202,23,676,"No"
"rilta_lta_m3_n_2500_tp_0.407_m_3_l_b","Model 3",".200",0.407,"N = 2500",2500,3,".60, .30, .10","B",878,207,23.6,0,0,0,0,207,23.6,671,"No"
"rilta_lta_m3_n_2500_tp_0.407_m_3_l_c","Model 3",".200",0.407,"N = 2500",2500,3,".60, .30, .10","C",878,177,20.2,0,0,0,0,177,20.2,701,"No"
"rilta_lta_m3_n_2500_tp_0.407_m_3_l_d","Model 3",".200",0.407,"N = 2500",2500,3,".60, .30, .10","D",876,179,20.4,0,0,1,0.1,180,20.5,696,"No"
"rilta_lta_m1_n_2500_tp_3.179_m_1_l_0.3","Model 1",".800",3.179,"N = 2500",2500,1,".10, .30, .60","0.3",1561,821,52.6,106,6.8,2,0.1,884,56.6,677,"No"
"rilta_lta_m1_n_2500_tp_3.179_m_1_l_0.5","Model 1",".800",3.179,"N = 2500",2500,1,".10, .30, .60","0.5",1867,993,53.2,126,6.7,2,0.1,1054,56.5,813,"No"
"rilta_lta_m1_n_2500_tp_3.179_m_1_l_0.7","Model 1",".800",3.179,"N = 2500",2500,1,".10, .30, .60","0.7",1893,1023,54,238,12.6,3,0.2,1151,60.8,742,"No"
"rilta_lta_m1_n_2500_tp_3.179_m_1_l_0.9","Model 1",".800",3.179,"N = 2500",2500,1,".10, .30, .60","0.9",3568,2392,67,788,22.1,10,0.3,2670,74.8,898,"No"
"rilta_lta_m1_n_2500_tp_3.179_m_1_l_a","Model 1",".800",3.179,"N = 2500",2500,1,".10, .30, .60","A",3576,1348,37.7,900,25.2,126,3.5,2013,56.3,1563,"No"
"rilta_lta_m1_n_2500_tp_3.179_m_1_l_b","Model 1",".800",3.179,"N = 2500",2500,1,".10, .30, .60","B",3576,1811,50.6,106,3,1,0,1864,52.1,1712,"No"
"rilta_lta_m1_n_2500_tp_3.179_m_1_l_c","Model 1",".800",3.179,"N = 2500",2500,1,".10, .30, .60","C",3577,1813,50.7,121,3.4,0,0,1867,52.2,1710,"No"
"rilta_lta_m1_n_2500_tp_3.179_m_1_l_d","Model 1",".800",3.179,"N = 2500",2500,1,".10, .30, .60","D",3576,1871,52.3,116,3.2,4,0.1,1937,54.2,1639,"No"
"rilta_lta_m1_n_2500_tp_3.179_m_2_l_0.3","Model 1",".800",3.179,"N = 2500",2500,2,".33, .33, .33","0.3",1894,1120,59.1,8,0.4,2,0.1,1123,59.3,771,"No"
"rilta_lta_m1_n_2500_tp_3.179_m_2_l_0.5","Model 1",".800",3.179,"N = 2500",2500,2,".33, .33, .33","0.5",1854,1108,59.8,9,0.5,0,0,1116,60.2,738,"No"
"rilta_lta_m1_n_2500_tp_3.179_m_2_l_0.7","Model 1",".800",3.179,"N = 2500",2500,2,".33, .33, .33","0.7",1921,1139,59.3,40,2.1,2,0.1,1150,59.9,771,"No"
"rilta_lta_m1_n_2500_tp_3.179_m_2_l_0.9","Model 1",".800",3.179,"N = 2500",2500,2,".33, .33, .33","0.9",2522,1630,64.6,281,11.1,4,0.2,1717,68.1,805,"No"
"rilta_lta_m1_n_2500_tp_3.179_m_2_l_a","Model 1",".800",3.179,"N = 2500",2500,2,".33, .33, .33","A",2533,1247,49.2,560,22.1,75,3,1601,63.2,932,"No"
"rilta_lta_m1_n_2500_tp_3.179_m_2_l_b","Model 1",".800",3.179,"N = 2500",2500,2,".33, .33, .33","B",2533,1554,61.4,12,0.5,2,0.1,1558,61.5,975,"No"
"rilta_lta_m1_n_2500_tp_3.179_m_2_l_c","Model 1",".800",3.179,"N = 2500",2500,2,".33, .33, .33","C",2533,1500,59.2,13,0.5,2,0.1,1505,59.4,1028,"No"
"rilta_lta_m1_n_2500_tp_3.179_m_2_l_d","Model 1",".800",3.179,"N = 2500",2500,2,".33, .33, .33","D",2533,1478,58.3,11,0.4,5,0.2,1487,58.7,1046,"No"
"rilta_lta_m1_n_2500_tp_3.179_m_3_l_0.3","Model 1",".800",3.179,"N = 2500",2500,3,".60, .30, .10","0.3",1325,627,47.3,30,2.3,0,0,641,48.4,684,"No"
"rilta_lta_m1_n_2500_tp_3.179_m_3_l_0.5","Model 1",".800",3.179,"N = 2500",2500,3,".60, .30, .10","0.5",1551,784,50.5,57,3.7,1,0.1,811,52.3,740,"No"
"rilta_lta_m1_n_2500_tp_3.179_m_3_l_0.7","Model 1",".800",3.179,"N = 2500",2500,3,".60, .30, .10","0.7",1425,703,49.3,101,7.1,3,0.2,753,52.8,672,"No"
"rilta_lta_m1_n_2500_tp_3.179_m_3_l_0.9","Model 1",".800",3.179,"N = 2500",2500,3,".60, .30, .10","0.9",2210,1357,61.4,387,17.5,5,0.2,1476,66.8,734,"No"
"rilta_lta_m1_n_2500_tp_3.179_m_3_l_a","Model 1",".800",3.179,"N = 2500",2500,3,".60, .30, .10","A",2251,1295,57.5,856,38,39,1.7,1640,72.9,611,"No"
"rilta_lta_m1_n_2500_tp_3.179_m_3_l_b","Model 1",".800",3.179,"N = 2500",2500,3,".60, .30, .10","B",2253,1045,46.4,66,2.9,1,0,1083,48.1,1170,"No"
"rilta_lta_m1_n_2500_tp_3.179_m_3_l_c","Model 1",".800",3.179,"N = 2500",2500,3,".60, .30, .10","C",2254,993,44.1,87,3.9,3,0.1,1054,46.8,1200,"No"
"rilta_lta_m1_n_2500_tp_3.179_m_3_l_d","Model 1",".800",3.179,"N = 2500",2500,3,".60, .30, .10","D",2253,979,43.5,86,3.8,3,0.1,1028,45.6,1225,"No"
"rilta_lta_m2_n_2500_tp_3.179_m_1_l_0.3","Model 2",".800",3.179,"N = 2500",2500,1,".10, .30, .60","0.3",683,64,9.4,0,0,0,0,64,9.4,619,"No"
"rilta_lta_m2_n_2500_tp_3.179_m_1_l_0.5","Model 2",".800",3.179,"N = 2500",2500,1,".10, .30, .60","0.5",664,53,8,0,0,0,0,53,8,611,"No"
"rilta_lta_m2_n_2500_tp_3.179_m_1_l_0.7","Model 2",".800",3.179,"N = 2500",2500,1,".10, .30, .60","0.7",703,78,11.1,3,0.4,0,0,81,11.5,622,"No"
"rilta_lta_m2_n_2500_tp_3.179_m_1_l_0.9","Model 2",".800",3.179,"N = 2500",2500,1,".10, .30, .60","0.9",687,68,9.9,2,0.3,0,0,70,10.2,617,"No"
"rilta_lta_m2_n_2500_tp_3.179_m_1_l_a","Model 2",".800",3.179,"N = 2500",2500,1,".10, .30, .60","A",684,56,8.2,0,0,0,0,56,8.2,628,"No"
"rilta_lta_m2_n_2500_tp_3.179_m_1_l_b","Model 2",".800",3.179,"N = 2500",2500,1,".10, .30, .60","B",686,50,7.3,0,0,0,0,50,7.3,636,"No"
"rilta_lta_m2_n_2500_tp_3.179_m_1_l_c","Model 2",".800",3.179,"N = 2500",2500,1,".10, .30, .60","C",687,61,8.9,3,0.4,0,0,61,8.9,626,"No"
"rilta_lta_m2_n_2500_tp_3.179_m_1_l_d","Model 2",".800",3.179,"N = 2500",2500,1,".10, .30, .60","D",687,77,11.2,5,0.7,0,0,82,11.9,605,"No"
"rilta_lta_m2_n_2500_tp_3.179_m_2_l_0.3","Model 2",".800",3.179,"N = 2500",2500,2,".33, .33, .33","0.3",776,148,19.1,0,0,0,0,148,19.1,628,"No"
"rilta_lta_m2_n_2500_tp_3.179_m_2_l_0.5","Model 2",".800",3.179,"N = 2500",2500,2,".33, .33, .33","0.5",805,171,21.2,0,0,0,0,171,21.2,634,"No"
"rilta_lta_m2_n_2500_tp_3.179_m_2_l_0.7","Model 2",".800",3.179,"N = 2500",2500,2,".33, .33, .33","0.7",817,189,23.1,0,0,0,0,189,23.1,628,"No"
"rilta_lta_m2_n_2500_tp_3.179_m_2_l_0.9","Model 2",".800",3.179,"N = 2500",2500,2,".33, .33, .33","0.9",902,242,26.8,0,0,0,0,242,26.8,660,"No"
"rilta_lta_m2_n_2500_tp_3.179_m_2_l_a","Model 2",".800",3.179,"N = 2500",2500,2,".33, .33, .33","A",901,164,18.2,0,0,0,0,164,18.2,737,"No"
"rilta_lta_m2_n_2500_tp_3.179_m_2_l_b","Model 2",".800",3.179,"N = 2500",2500,2,".33, .33, .33","B",902,177,19.6,0,0,0,0,177,19.6,725,"No"
"rilta_lta_m2_n_2500_tp_3.179_m_2_l_c","Model 2",".800",3.179,"N = 2500",2500,2,".33, .33, .33","C",903,201,22.3,0,0,0,0,201,22.3,702,"No"
"rilta_lta_m2_n_2500_tp_3.179_m_2_l_d","Model 2",".800",3.179,"N = 2500",2500,2,".33, .33, .33","D",902,214,23.7,0,0,0,0,214,23.7,688,"No"
"rilta_lta_m2_n_2500_tp_3.179_m_3_l_0.3","Model 2",".800",3.179,"N = 2500",2500,3,".60, .30, .10","0.3",722,109,15.1,0,0,0,0,109,15.1,613,"No"
"rilta_lta_m2_n_2500_tp_3.179_m_3_l_0.5","Model 2",".800",3.179,"N = 2500",2500,3,".60, .30, .10","0.5",735,108,14.7,0,0,0,0,108,14.7,627,"No"
"rilta_lta_m2_n_2500_tp_3.179_m_3_l_0.7","Model 2",".800",3.179,"N = 2500",2500,3,".60, .30, .10","0.7",758,144,19,0,0,0,0,144,19,614,"No"
"rilta_lta_m2_n_2500_tp_3.179_m_3_l_0.9","Model 2",".800",3.179,"N = 2500",2500,3,".60, .30, .10","0.9",798,168,21.1,0,0,0,0,168,21.1,630,"No"
"rilta_lta_m2_n_2500_tp_3.179_m_3_l_a","Model 2",".800",3.179,"N = 2500",2500,3,".60, .30, .10","A",799,124,15.5,0,0,0,0,124,15.5,675,"No"
"rilta_lta_m2_n_2500_tp_3.179_m_3_l_b","Model 2",".800",3.179,"N = 2500",2500,3,".60, .30, .10","B",800,130,16.2,1,0.1,0,0,131,16.4,669,"No"
"rilta_lta_m2_n_2500_tp_3.179_m_3_l_c","Model 2",".800",3.179,"N = 2500",2500,3,".60, .30, .10","C",799,109,13.6,0,0,0,0,109,13.6,690,"No"
"rilta_lta_m2_n_2500_tp_3.179_m_3_l_d","Model 2",".800",3.179,"N = 2500",2500,3,".60, .30, .10","D",798,105,13.2,0,0,0,0,105,13.2,693,"No"
"rilta_lta_m3_n_2500_tp_3.179_m_1_l_0.3","Model 3",".800",3.179,"N = 2500",2500,1,".10, .30, .60","0.3",849,191,22.5,17,2,0,0,205,24.1,644,"No"
"rilta_lta_m3_n_2500_tp_3.179_m_1_l_0.5","Model 3",".800",3.179,"N = 2500",2500,1,".10, .30, .60","0.5",809,190,23.5,15,1.9,0,0,203,25.1,606,"No"
"rilta_lta_m3_n_2500_tp_3.179_m_1_l_0.7","Model 3",".800",3.179,"N = 2500",2500,1,".10, .30, .60","0.7",847,215,25.4,5,0.6,0,0,219,25.9,628,"No"
"rilta_lta_m3_n_2500_tp_3.179_m_1_l_0.9","Model 3",".800",3.179,"N = 2500",2500,1,".10, .30, .60","0.9",958,319,33.3,0,0,0,0,319,33.3,639,"No"
"rilta_lta_m3_n_2500_tp_3.179_m_1_l_a","Model 3",".800",3.179,"N = 2500",2500,1,".10, .30, .60","A",957,237,24.8,10,1,0,0,244,25.5,713,"No"
"rilta_lta_m3_n_2500_tp_3.179_m_1_l_b","Model 3",".800",3.179,"N = 2500",2500,1,".10, .30, .60","B",955,191,20,34,3.6,0,0,219,22.9,736,"No"
"rilta_lta_m3_n_2500_tp_3.179_m_1_l_c","Model 3",".800",3.179,"N = 2500",2500,1,".10, .30, .60","C",957,183,19.1,65,6.8,0,0,238,24.9,719,"No"
"rilta_lta_m3_n_2500_tp_3.179_m_1_l_d","Model 3",".800",3.179,"N = 2500",2500,1,".10, .30, .60","D",957,200,20.9,98,10.2,0,0,275,28.7,682,"No"
"rilta_lta_m3_n_2500_tp_3.179_m_2_l_0.3","Model 3",".800",3.179,"N = 2500",2500,2,".33, .33, .33","0.3",930,299,32.2,0,0,0,0,299,32.2,631,"No"
"rilta_lta_m3_n_2500_tp_3.179_m_2_l_0.5","Model 3",".800",3.179,"N = 2500",2500,2,".33, .33, .33","0.5",987,344,34.9,0,0,0,0,344,34.9,643,"No"
"rilta_lta_m3_n_2500_tp_3.179_m_2_l_0.7","Model 3",".800",3.179,"N = 2500",2500,2,".33, .33, .33","0.7",994,376,37.8,0,0,0,0,376,37.8,618,"No"
"rilta_lta_m3_n_2500_tp_3.179_m_2_l_0.9","Model 3",".800",3.179,"N = 2500",2500,2,".33, .33, .33","0.9",1036,402,38.8,0,0,0,0,402,38.8,634,"No"
"rilta_lta_m3_n_2500_tp_3.179_m_2_l_a","Model 3",".800",3.179,"N = 2500",2500,2,".33, .33, .33","A",1036,339,32.7,0,0,0,0,339,32.7,697,"No"
"rilta_lta_m3_n_2500_tp_3.179_m_2_l_b","Model 3",".800",3.179,"N = 2500",2500,2,".33, .33, .33","B",1036,309,29.8,0,0,0,0,309,29.8,727,"No"
"rilta_lta_m3_n_2500_tp_3.179_m_2_l_c","Model 3",".800",3.179,"N = 2500",2500,2,".33, .33, .33","C",1036,269,26,2,0.2,0,0,271,26.2,765,"No"
"rilta_lta_m3_n_2500_tp_3.179_m_2_l_d","Model 3",".800",3.179,"N = 2500",2500,2,".33, .33, .33","D",1036,319,30.8,26,2.5,1,0.1,339,32.7,697,"No"
"rilta_lta_m3_n_2500_tp_3.179_m_3_l_0.3","Model 3",".800",3.179,"N = 2500",2500,3,".60, .30, .10","0.3",860,228,26.5,0,0,0,0,228,26.5,632,"No"
"rilta_lta_m3_n_2500_tp_3.179_m_3_l_0.5","Model 3",".800",3.179,"N = 2500",2500,3,".60, .30, .10","0.5",877,237,27,0,0,0,0,237,27,640,"No"
"rilta_lta_m3_n_2500_tp_3.179_m_3_l_0.7","Model 3",".800",3.179,"N = 2500",2500,3,".60, .30, .10","0.7",918,286,31.2,0,0,0,0,286,31.2,632,"No"
"rilta_lta_m3_n_2500_tp_3.179_m_3_l_0.9","Model 3",".800",3.179,"N = 2500",2500,3,".60, .30, .10","0.9",909,260,28.6,0,0,0,0,260,28.6,649,"No"
"rilta_lta_m3_n_2500_tp_3.179_m_3_l_a","Model 3",".800",3.179,"N = 2500",2500,3,".60, .30, .10","A",908,211,23.2,0,0,0,0,211,23.2,697,"No"
"rilta_lta_m3_n_2500_tp_3.179_m_3_l_b","Model 3",".800",3.179,"N = 2500",2500,3,".60, .30, .10","B",909,190,20.9,0,0,0,0,190,20.9,719,"No"
"rilta_lta_m3_n_2500_tp_3.179_m_3_l_c","Model 3",".800",3.179,"N = 2500",2500,3,".60, .30, .10","C",908,183,20.2,0,0,0,0,183,20.2,725,"No"
"rilta_lta_m3_n_2500_tp_3.179_m_3_l_d","Model 3",".800",3.179,"N = 2500",2500,3,".60, .30, .10","D",909,189,20.8,5,0.6,1,0.1,194,21.3,715,"No"
"rilta_lta_m1_n_5000_tp_0.407_m_1_l_0.3","Model 1",".200",0.407,"N = 5000",5000,1,".10, .30, .60","0.3",1269,605,47.7,0,0,0,0,605,47.7,664,"No"
"rilta_lta_m1_n_5000_tp_0.407_m_1_l_0.5","Model 1",".200",0.407,"N = 5000",5000,1,".10, .30, .60","0.5",1229,579,47.1,0,0,0,0,579,47.1,650,"No"
"rilta_lta_m1_n_5000_tp_0.407_m_1_l_0.7","Model 1",".200",0.407,"N = 5000",5000,1,".10, .30, .60","0.7",1407,677,48.1,2,0.1,1,0.1,679,48.3,728,"No"
"rilta_lta_m1_n_5000_tp_0.407_m_1_l_0.9","Model 1",".200",0.407,"N = 5000",5000,1,".10, .30, .60","0.9",1577,839,53.2,76,4.8,4,0.3,869,55.1,708,"No"
"rilta_lta_m1_n_5000_tp_0.407_m_1_l_a","Model 1",".200",0.407,"N = 5000",5000,1,".10, .30, .60","A",1581,625,39.5,177,11.2,62,3.9,785,49.7,796,"No"
"rilta_lta_m1_n_5000_tp_0.407_m_1_l_b","Model 1",".200",0.407,"N = 5000",5000,1,".10, .30, .60","B",1581,770,48.7,0,0,0,0,770,48.7,811,"No"
"rilta_lta_m1_n_5000_tp_0.407_m_1_l_c","Model 1",".200",0.407,"N = 5000",5000,1,".10, .30, .60","C",1581,794,50.2,0,0,1,0.1,794,50.2,787,"No"
"rilta_lta_m1_n_5000_tp_0.407_m_1_l_d","Model 1",".200",0.407,"N = 5000",5000,1,".10, .30, .60","D",1581,785,49.7,1,0.1,1,0.1,786,49.7,795,"No"
"rilta_lta_m1_n_5000_tp_0.407_m_2_l_0.3","Model 1",".200",0.407,"N = 5000",5000,2,".33, .33, .33","0.3",1331,694,52.1,0,0,0,0,694,52.1,637,"No"
"rilta_lta_m1_n_5000_tp_0.407_m_2_l_0.5","Model 1",".200",0.407,"N = 5000",5000,2,".33, .33, .33","0.5",1407,740,52.6,0,0,0,0,740,52.6,667,"No"
"rilta_lta_m1_n_5000_tp_0.407_m_2_l_0.7","Model 1",".200",0.407,"N = 5000",5000,2,".33, .33, .33","0.7",1544,856,55.4,0,0,0,0,856,55.4,688,"No"
"rilta_lta_m1_n_5000_tp_0.407_m_2_l_0.9","Model 1",".200",0.407,"N = 5000",5000,2,".33, .33, .33","0.9",1293,651,50.3,0,0,0,0,651,50.3,642,"No"
"rilta_lta_m1_n_5000_tp_0.407_m_2_l_a","Model 1",".200",0.407,"N = 5000",5000,2,".33, .33, .33","A",1293,628,48.6,192,14.8,77,6,774,59.9,519,"No"
"rilta_lta_m1_n_5000_tp_0.407_m_2_l_b","Model 1",".200",0.407,"N = 5000",5000,2,".33, .33, .33","B",1293,708,54.8,0,0,0,0,708,54.8,585,"No"
"rilta_lta_m1_n_5000_tp_0.407_m_2_l_c","Model 1",".200",0.407,"N = 5000",5000,2,".33, .33, .33","C",1293,679,52.5,0,0,0,0,679,52.5,614,"No"
"rilta_lta_m1_n_5000_tp_0.407_m_2_l_d","Model 1",".200",0.407,"N = 5000",5000,2,".33, .33, .33","D",1293,715,55.3,0,0,0,0,715,55.3,578,"No"
"rilta_lta_m1_n_5000_tp_0.407_m_3_l_0.3","Model 1",".200",0.407,"N = 5000",5000,3,".60, .30, .10","0.3",1263,593,47,2,0.2,0,0,594,47,669,"No"
"rilta_lta_m1_n_5000_tp_0.407_m_3_l_0.5","Model 1",".200",0.407,"N = 5000",5000,3,".60, .30, .10","0.5",1414,707,50,6,0.4,0,0,709,50.1,705,"No"
"rilta_lta_m1_n_5000_tp_0.407_m_3_l_0.7","Model 1",".200",0.407,"N = 5000",5000,3,".60, .30, .10","0.7",1351,681,50.4,11,0.8,0,0,687,50.9,664,"No"
"rilta_lta_m1_n_5000_tp_0.407_m_3_l_0.9","Model 1",".200",0.407,"N = 5000",5000,3,".60, .30, .10","0.9",1378,689,50,67,4.9,5,0.4,715,51.9,663,"No"
"rilta_lta_m1_n_5000_tp_0.407_m_3_l_a","Model 1",".200",0.407,"N = 5000",5000,3,".60, .30, .10","A",1392,570,40.9,270,19.4,31,2.2,726,52.2,666,"No"
"rilta_lta_m1_n_5000_tp_0.407_m_3_l_b","Model 1",".200",0.407,"N = 5000",5000,3,".60, .30, .10","B",1392,662,47.6,3,0.2,0,0,664,47.7,728,"No"
"rilta_lta_m1_n_5000_tp_0.407_m_3_l_c","Model 1",".200",0.407,"N = 5000",5000,3,".60, .30, .10","C",1392,648,46.6,5,0.4,0,0,650,46.7,742,"No"
"rilta_lta_m1_n_5000_tp_0.407_m_3_l_d","Model 1",".200",0.407,"N = 5000",5000,3,".60, .30, .10","D",1391,609,43.8,3,0.2,0,0,611,43.9,780,"No"
"rilta_lta_m2_n_5000_tp_0.407_m_1_l_0.3","Model 2",".200",0.407,"N = 5000",5000,1,".10, .30, .60","0.3",666,40,6,0,0,0,0,40,6,626,"No"
"rilta_lta_m2_n_5000_tp_0.407_m_1_l_0.5","Model 2",".200",0.407,"N = 5000",5000,1,".10, .30, .60","0.5",660,37,5.6,0,0,0,0,37,5.6,623,"No"
"rilta_lta_m2_n_5000_tp_0.407_m_1_l_0.7","Model 2",".200",0.407,"N = 5000",5000,1,".10, .30, .60","0.7",645,27,4.2,0,0,0,0,27,4.2,618,"No"
"rilta_lta_m2_n_5000_tp_0.407_m_1_l_0.9","Model 2",".200",0.407,"N = 5000",5000,1,".10, .30, .60","0.9",662,40,6,0,0,2,0.3,42,6.3,620,"No"
"rilta_lta_m2_n_5000_tp_0.407_m_1_l_a","Model 2",".200",0.407,"N = 5000",5000,1,".10, .30, .60","A",661,44,6.7,0,0,0,0,44,6.7,617,"No"
"rilta_lta_m2_n_5000_tp_0.407_m_1_l_b","Model 2",".200",0.407,"N = 5000",5000,1,".10, .30, .60","B",662,40,6,0,0,0,0,40,6,622,"No"
"rilta_lta_m2_n_5000_tp_0.407_m_1_l_c","Model 2",".200",0.407,"N = 5000",5000,1,".10, .30, .60","C",661,41,6.2,0,0,0,0,41,6.2,620,"No"
"rilta_lta_m2_n_5000_tp_0.407_m_1_l_d","Model 2",".200",0.407,"N = 5000",5000,1,".10, .30, .60","D",662,53,8,0,0,0,0,53,8,609,"No"
"rilta_lta_m2_n_5000_tp_0.407_m_2_l_0.3","Model 2",".200",0.407,"N = 5000",5000,2,".33, .33, .33","0.3",688,72,10.5,0,0,0,0,72,10.5,616,"No"
"rilta_lta_m2_n_5000_tp_0.407_m_2_l_0.5","Model 2",".200",0.407,"N = 5000",5000,2,".33, .33, .33","0.5",710,86,12.1,0,0,0,0,86,12.1,624,"No"
"rilta_lta_m2_n_5000_tp_0.407_m_2_l_0.7","Model 2",".200",0.407,"N = 5000",5000,2,".33, .33, .33","0.7",722,95,13.2,0,0,0,0,95,13.2,627,"No"
"rilta_lta_m2_n_5000_tp_0.407_m_2_l_0.9","Model 2",".200",0.407,"N = 5000",5000,2,".33, .33, .33","0.9",748,113,15.1,0,0,1,0.1,114,15.2,634,"No"
"rilta_lta_m2_n_5000_tp_0.407_m_2_l_a","Model 2",".200",0.407,"N = 5000",5000,2,".33, .33, .33","A",748,76,10.2,0,0,0,0,76,10.2,672,"No"
"rilta_lta_m2_n_5000_tp_0.407_m_2_l_b","Model 2",".200",0.407,"N = 5000",5000,2,".33, .33, .33","B",748,65,8.7,0,0,0,0,65,8.7,683,"No"
"rilta_lta_m2_n_5000_tp_0.407_m_2_l_c","Model 2",".200",0.407,"N = 5000",5000,2,".33, .33, .33","C",748,69,9.2,0,0,0,0,69,9.2,679,"No"
"rilta_lta_m2_n_5000_tp_0.407_m_2_l_d","Model 2",".200",0.407,"N = 5000",5000,2,".33, .33, .33","D",747,68,9.1,0,0,0,0,68,9.1,679,"No"
"rilta_lta_m2_n_5000_tp_0.407_m_3_l_0.3","Model 2",".200",0.407,"N = 5000",5000,3,".60, .30, .10","0.3",701,80,11.4,0,0,0,0,80,11.4,621,"No"
"rilta_lta_m2_n_5000_tp_0.407_m_3_l_0.5","Model 2",".200",0.407,"N = 5000",5000,3,".60, .30, .10","0.5",692,66,9.5,0,0,0,0,66,9.5,626,"No"
"rilta_lta_m2_n_5000_tp_0.407_m_3_l_0.7","Model 2",".200",0.407,"N = 5000",5000,3,".60, .30, .10","0.7",677,56,8.3,0,0,0,0,56,8.3,621,"No"
"rilta_lta_m2_n_5000_tp_0.407_m_3_l_0.9","Model 2",".200",0.407,"N = 5000",5000,3,".60, .30, .10","0.9",684,65,9.5,0,0,1,0.1,66,9.6,618,"No"
"rilta_lta_m2_n_5000_tp_0.407_m_3_l_a","Model 2",".200",0.407,"N = 5000",5000,3,".60, .30, .10","A",683,57,8.3,1,0.1,0,0,58,8.5,625,"No"
"rilta_lta_m2_n_5000_tp_0.407_m_3_l_b","Model 2",".200",0.407,"N = 5000",5000,3,".60, .30, .10","B",684,91,13.3,0,0,0,0,91,13.3,593,"No"
"rilta_lta_m2_n_5000_tp_0.407_m_3_l_c","Model 2",".200",0.407,"N = 5000",5000,3,".60, .30, .10","C",684,70,10.2,0,0,0,0,70,10.2,614,"No"
"rilta_lta_m2_n_5000_tp_0.407_m_3_l_d","Model 2",".200",0.407,"N = 5000",5000,3,".60, .30, .10","D",684,68,9.9,0,0,0,0,68,9.9,616,"No"
"rilta_lta_m3_n_5000_tp_0.407_m_1_l_0.3","Model 3",".200",0.407,"N = 5000",5000,1,".10, .30, .60","0.3",770,136,17.7,0,0,0,0,136,17.7,634,"No"
"rilta_lta_m3_n_5000_tp_0.407_m_1_l_0.5","Model 3",".200",0.407,"N = 5000",5000,1,".10, .30, .60","0.5",728,119,16.3,0,0,0,0,119,16.3,609,"No"
"rilta_lta_m3_n_5000_tp_0.407_m_1_l_0.7","Model 3",".200",0.407,"N = 5000",5000,1,".10, .30, .60","0.7",839,207,24.7,0,0,1,0.1,208,24.8,631,"No"
"rilta_lta_m3_n_5000_tp_0.407_m_1_l_0.9","Model 3",".200",0.407,"N = 5000",5000,1,".10, .30, .60","0.9",995,356,35.8,0,0,2,0.2,356,35.8,639,"No"
"rilta_lta_m3_n_5000_tp_0.407_m_1_l_a","Model 3",".200",0.407,"N = 5000",5000,1,".10, .30, .60","A",995,176,17.7,0,0,0,0,176,17.7,819,"No"
"rilta_lta_m3_n_5000_tp_0.407_m_1_l_b","Model 3",".200",0.407,"N = 5000",5000,1,".10, .30, .60","B",995,222,22.3,0,0,0,0,222,22.3,773,"No"
"rilta_lta_m3_n_5000_tp_0.407_m_1_l_c","Model 3",".200",0.407,"N = 5000",5000,1,".10, .30, .60","C",995,250,25.1,0,0,0,0,250,25.1,745,"No"
"rilta_lta_m3_n_5000_tp_0.407_m_1_l_d","Model 3",".200",0.407,"N = 5000",5000,1,".10, .30, .60","D",995,219,22,0,0,0,0,219,22,776,"No"
"rilta_lta_m3_n_5000_tp_0.407_m_2_l_0.3","Model 3",".200",0.407,"N = 5000",5000,2,".33, .33, .33","0.3",837,209,25,0,0,0,0,209,25,628,"No"
"rilta_lta_m3_n_5000_tp_0.407_m_2_l_0.5","Model 3",".200",0.407,"N = 5000",5000,2,".33, .33, .33","0.5",867,251,29,0,0,0,0,251,29,616,"No"
"rilta_lta_m3_n_5000_tp_0.407_m_2_l_0.7","Model 3",".200",0.407,"N = 5000",5000,2,".33, .33, .33","0.7",886,268,30.2,0,0,0,0,268,30.2,618,"No"
"rilta_lta_m3_n_5000_tp_0.407_m_2_l_0.9","Model 3",".200",0.407,"N = 5000",5000,2,".33, .33, .33","0.9",1060,410,38.7,0,0,1,0.1,411,38.8,649,"No"
"rilta_lta_m3_n_5000_tp_0.407_m_2_l_a","Model 3",".200",0.407,"N = 5000",5000,2,".33, .33, .33","A",1060,282,26.6,0,0,0,0,282,26.6,778,"No"
"rilta_lta_m3_n_5000_tp_0.407_m_2_l_b","Model 3",".200",0.407,"N = 5000",5000,2,".33, .33, .33","B",1060,276,26,0,0,0,0,276,26,784,"No"
"rilta_lta_m3_n_5000_tp_0.407_m_2_l_c","Model 3",".200",0.407,"N = 5000",5000,2,".33, .33, .33","C",1060,283,26.7,0,0,1,0.1,283,26.7,777,"No"
"rilta_lta_m3_n_5000_tp_0.407_m_2_l_d","Model 3",".200",0.407,"N = 5000",5000,2,".33, .33, .33","D",1060,253,23.9,0,0,1,0.1,254,24,806,"No"
"rilta_lta_m3_n_5000_tp_0.407_m_3_l_0.3","Model 3",".200",0.407,"N = 5000",5000,3,".60, .30, .10","0.3",857,212,24.7,0,0,0,0,212,24.7,645,"No"
"rilta_lta_m3_n_5000_tp_0.407_m_3_l_0.5","Model 3",".200",0.407,"N = 5000",5000,3,".60, .30, .10","0.5",889,247,27.8,0,0,0,0,247,27.8,642,"No"
"rilta_lta_m3_n_5000_tp_0.407_m_3_l_0.7","Model 3",".200",0.407,"N = 5000",5000,3,".60, .30, .10","0.7",857,231,27,0,0,0,0,231,27,626,"No"
"rilta_lta_m3_n_5000_tp_0.407_m_3_l_0.9","Model 3",".200",0.407,"N = 5000",5000,3,".60, .30, .10","0.9",886,254,28.7,0,0,0,0,254,28.7,632,"No"
"rilta_lta_m3_n_5000_tp_0.407_m_3_l_a","Model 3",".200",0.407,"N = 5000",5000,3,".60, .30, .10","A",886,211,23.8,0,0,0,0,211,23.8,675,"No"
"rilta_lta_m3_n_5000_tp_0.407_m_3_l_b","Model 3",".200",0.407,"N = 5000",5000,3,".60, .30, .10","B",886,197,22.2,0,0,0,0,197,22.2,689,"No"
"rilta_lta_m3_n_5000_tp_0.407_m_3_l_c","Model 3",".200",0.407,"N = 5000",5000,3,".60, .30, .10","C",886,200,22.6,0,0,1,0.1,201,22.7,685,"No"
"rilta_lta_m3_n_5000_tp_0.407_m_3_l_d","Model 3",".200",0.407,"N = 5000",5000,3,".60, .30, .10","D",886,185,20.9,0,0,0,0,185,20.9,701,"No"
"rilta_lta_m1_n_5000_tp_3.179_m_1_l_0.3","Model 1",".800",3.179,"N = 5000",5000,1,".10, .30, .60","0.3",1312,658,50.2,23,1.8,1,0.1,671,51.1,641,"No"
"rilta_lta_m1_n_5000_tp_3.179_m_1_l_0.5","Model 1",".800",3.179,"N = 5000",5000,1,".10, .30, .60","0.5",1244,599,48.2,39,3.1,0,0,620,49.8,624,"No"
"rilta_lta_m1_n_5000_tp_3.179_m_1_l_0.7","Model 1",".800",3.179,"N = 5000",5000,1,".10, .30, .60","0.7",1513,776,51.3,121,8,1,0.1,825,54.5,688,"No"
"rilta_lta_m1_n_5000_tp_3.179_m_1_l_0.9","Model 1",".800",3.179,"N = 5000",5000,1,".10, .30, .60","0.9",5022,3676,73.2,0,0,0,0,3676,73.2,1346,"No"
"rilta_lta_m1_n_5000_tp_3.179_m_1_l_a","Model 1",".800",3.179,"N = 5000",5000,1,".10, .30, .60","A",5144,1790,34.8,856,16.6,215,4.2,2494,48.5,2650,"No"
"rilta_lta_m1_n_5000_tp_3.179_m_1_l_b","Model 1",".800",3.179,"N = 5000",5000,1,".10, .30, .60","B",5147,2841,55.2,23,0.4,0,0,2853,55.4,2294,"No"
"rilta_lta_m1_n_5000_tp_3.179_m_1_l_c","Model 1",".800",3.179,"N = 5000",5000,1,".10, .30, .60","C",5147,2726,53,24,0.5,0,0,2744,53.3,2403,"No"
"rilta_lta_m1_n_5000_tp_3.179_m_1_l_d","Model 1",".800",3.179,"N = 5000",5000,1,".10, .30, .60","D",5147,2780,54,23,0.4,0,0,2789,54.2,2358,"No"
"rilta_lta_m1_n_5000_tp_3.179_m_2_l_0.3","Model 1",".800",3.179,"N = 5000",5000,2,".33, .33, .33","0.3",2055,1266,61.6,0,0,0,0,1266,61.6,789,"No"
"rilta_lta_m1_n_5000_tp_3.179_m_2_l_0.5","Model 1",".800",3.179,"N = 5000",5000,2,".33, .33, .33","0.5",1867,1129,60.5,0,0,0,0,1129,60.5,738,"No"
"rilta_lta_m1_n_5000_tp_3.179_m_2_l_0.7","Model 1",".800",3.179,"N = 5000",5000,2,".33, .33, .33","0.7",1429,787,55.1,5,0.3,2,0.1,789,55.2,640,"No"
"rilta_lta_m1_n_5000_tp_3.179_m_2_l_0.9","Model 1",".800",3.179,"N = 5000",5000,2,".33, .33, .33","0.9",2452,1597,65.1,220,9,6,0.2,1675,68.3,777,"No"
"rilta_lta_m1_n_5000_tp_3.179_m_2_l_a","Model 1",".800",3.179,"N = 5000",5000,2,".33, .33, .33","A",2459,1184,48.1,412,16.8,111,4.5,1482,60.3,977,"No"
"rilta_lta_m1_n_5000_tp_3.179_m_2_l_b","Model 1",".800",3.179,"N = 5000",5000,2,".33, .33, .33","B",2459,1479,60.1,0,0,0,0,1479,60.1,980,"No"
"rilta_lta_m1_n_5000_tp_3.179_m_2_l_c","Model 1",".800",3.179,"N = 5000",5000,2,".33, .33, .33","C",1846,1142,61.9,0,0,0,0,1142,61.9,704,"No"
"rilta_lta_m1_n_5000_tp_3.179_m_2_l_d","Model 1",".800",3.179,"N = 5000",5000,2,".33, .33, .33","D",2459,1465,59.6,0,0,0,0,1465,59.6,994,"No"
"rilta_lta_m1_n_5000_tp_3.179_m_3_l_0.3","Model 1",".800",3.179,"N = 5000",5000,3,".60, .30, .10","0.3",1281,626,48.9,2,0.2,0,0,627,48.9,654,"No"
"rilta_lta_m1_n_5000_tp_3.179_m_3_l_0.5","Model 1",".800",3.179,"N = 5000",5000,3,".60, .30, .10","0.5",1325,692,52.2,6,0.5,0,0,694,52.4,631,"No"
"rilta_lta_m1_n_5000_tp_3.179_m_3_l_0.7","Model 1",".800",3.179,"N = 5000",5000,3,".60, .30, .10","0.7",1452,767,52.8,36,2.5,2,0.1,782,53.9,670,"No"
"rilta_lta_m1_n_5000_tp_3.179_m_3_l_0.9","Model 1",".800",3.179,"N = 5000",5000,3,".60, .30, .10","0.9",2104,1346,64,266,12.6,4,0.2,1426,67.8,678,"No"
"rilta_lta_m1_n_5000_tp_3.179_m_3_l_a","Model 1",".800",3.179,"N = 5000",5000,3,".60, .30, .10","A",2124,1200,56.5,794,37.4,42,2,1556,73.3,568,"No"
"rilta_lta_m1_n_5000_tp_3.179_m_3_l_b","Model 1",".800",3.179,"N = 5000",5000,3,".60, .30, .10","B",2127,1003,47.2,6,0.3,1,0,1007,47.3,1120,"No"
"rilta_lta_m1_n_5000_tp_3.179_m_3_l_c","Model 1",".800",3.179,"N = 5000",5000,3,".60, .30, .10","C",2127,901,42.4,9,0.4,0,0,907,42.6,1220,"No"
"rilta_lta_m1_n_5000_tp_3.179_m_3_l_d","Model 1",".800",3.179,"N = 5000",5000,3,".60, .30, .10","D",2126,960,45.2,8,0.4,0,0,962,45.2,1164,"No"
"rilta_lta_m2_n_5000_tp_3.179_m_1_l_0.3","Model 2",".800",3.179,"N = 5000",5000,1,".10, .30, .60","0.3",684,64,9.4,0,0,0,0,64,9.4,620,"No"
"rilta_lta_m2_n_5000_tp_3.179_m_1_l_0.5","Model 2",".800",3.179,"N = 5000",5000,1,".10, .30, .60","0.5",691,66,9.6,0,0,0,0,66,9.6,625,"No"
"rilta_lta_m2_n_5000_tp_3.179_m_1_l_0.7","Model 2",".800",3.179,"N = 5000",5000,1,".10, .30, .60","0.7",713,100,14,0,0,0,0,100,14,613,"No"
"rilta_lta_m2_n_5000_tp_3.179_m_1_l_0.9","Model 2",".800",3.179,"N = 5000",5000,1,".10, .30, .60","0.9",705,87,12.3,0,0,0,0,87,12.3,618,"No"
"rilta_lta_m2_n_5000_tp_3.179_m_1_l_a","Model 2",".800",3.179,"N = 5000",5000,1,".10, .30, .60","A",705,55,7.8,0,0,0,0,55,7.8,650,"No"
"rilta_lta_m2_n_5000_tp_3.179_m_1_l_b","Model 2",".800",3.179,"N = 5000",5000,1,".10, .30, .60","B",705,60,8.5,0,0,0,0,60,8.5,645,"No"
"rilta_lta_m2_n_5000_tp_3.179_m_1_l_c","Model 2",".800",3.179,"N = 5000",5000,1,".10, .30, .60","C",705,49,7,0,0,0,0,49,7,656,"No"
"rilta_lta_m2_n_5000_tp_3.179_m_1_l_d","Model 2",".800",3.179,"N = 5000",5000,1,".10, .30, .60","D",705,53,7.5,0,0,0,0,53,7.5,652,"No"
"rilta_lta_m2_n_5000_tp_3.179_m_2_l_0.3","Model 2",".800",3.179,"N = 5000",5000,2,".33, .33, .33","0.3",780,161,20.6,0,0,0,0,161,20.6,619,"No"
"rilta_lta_m2_n_5000_tp_3.179_m_2_l_0.5","Model 2",".800",3.179,"N = 5000",5000,2,".33, .33, .33","0.5",793,158,19.9,0,0,0,0,158,19.9,635,"No"
"rilta_lta_m2_n_5000_tp_3.179_m_2_l_0.7","Model 2",".800",3.179,"N = 5000",5000,2,".33, .33, .33","0.7",797,175,22,0,0,0,0,175,22,622,"No"
"rilta_lta_m2_n_5000_tp_3.179_m_2_l_0.9","Model 2",".800",3.179,"N = 5000",5000,2,".33, .33, .33","0.9",854,254,29.7,0,0,0,0,254,29.7,600,"No"
"rilta_lta_m2_n_5000_tp_3.179_m_2_l_a","Model 2",".800",3.179,"N = 5000",5000,2,".33, .33, .33","A",854,162,19,0,0,0,0,162,19,692,"No"
"rilta_lta_m2_n_5000_tp_3.179_m_2_l_b","Model 2",".800",3.179,"N = 5000",5000,2,".33, .33, .33","B",854,190,22.2,0,0,0,0,190,22.2,664,"No"
"rilta_lta_m2_n_5000_tp_3.179_m_2_l_c","Model 2",".800",3.179,"N = 5000",5000,2,".33, .33, .33","C",854,201,23.5,0,0,0,0,201,23.5,653,"No"
"rilta_lta_m2_n_5000_tp_3.179_m_2_l_d","Model 2",".800",3.179,"N = 5000",5000,2,".33, .33, .33","D",854,234,27.4,0,0,0,0,234,27.4,620,"No"
"rilta_lta_m2_n_5000_tp_3.179_m_3_l_0.3","Model 2",".800",3.179,"N = 5000",5000,3,".60, .30, .10","0.3",700,88,12.6,0,0,0,0,88,12.6,612,"No"
"rilta_lta_m2_n_5000_tp_3.179_m_3_l_0.5","Model 2",".800",3.179,"N = 5000",5000,3,".60, .30, .10","0.5",716,105,14.7,0,0,0,0,105,14.7,611,"No"
"rilta_lta_m2_n_5000_tp_3.179_m_3_l_0.7","Model 2",".800",3.179,"N = 5000",5000,3,".60, .30, .10","0.7",780,147,18.8,0,0,0,0,147,18.8,633,"No"
"rilta_lta_m2_n_5000_tp_3.179_m_3_l_0.9","Model 2",".800",3.179,"N = 5000",5000,3,".60, .30, .10","0.9",772,157,20.3,0,0,0,0,157,20.3,615,"No"
"rilta_lta_m2_n_5000_tp_3.179_m_3_l_a","Model 2",".800",3.179,"N = 5000",5000,3,".60, .30, .10","A",771,113,14.7,0,0,0,0,113,14.7,658,"No"
"rilta_lta_m2_n_5000_tp_3.179_m_3_l_b","Model 2",".800",3.179,"N = 5000",5000,3,".60, .30, .10","B",772,117,15.2,0,0,0,0,117,15.2,655,"No"
"rilta_lta_m2_n_5000_tp_3.179_m_3_l_c","Model 2",".800",3.179,"N = 5000",5000,3,".60, .30, .10","C",770,122,15.8,0,0,0,0,122,15.8,648,"No"
"rilta_lta_m2_n_5000_tp_3.179_m_3_l_d","Model 2",".800",3.179,"N = 5000",5000,3,".60, .30, .10","D",772,78,10.1,0,0,0,0,78,10.1,694,"No"
"rilta_lta_m3_n_5000_tp_3.179_m_1_l_0.3","Model 3",".800",3.179,"N = 5000",5000,1,".10, .30, .60","0.3",851,218,25.6,2,0.2,0,0,220,25.9,631,"No"
"rilta_lta_m3_n_5000_tp_3.179_m_1_l_0.5","Model 3",".800",3.179,"N = 5000",5000,1,".10, .30, .60","0.5",859,221,25.7,3,0.3,0,0,223,26,636,"No"
"rilta_lta_m3_n_5000_tp_3.179_m_1_l_0.7","Model 3",".800",3.179,"N = 5000",5000,1,".10, .30, .60","0.7",800,169,21.1,0,0,0,0,169,21.1,631,"No"
"rilta_lta_m3_n_5000_tp_3.179_m_1_l_0.9","Model 3",".800",3.179,"N = 5000",5000,1,".10, .30, .60","0.9",942,309,32.8,0,0,0,0,309,32.8,633,"No"
"rilta_lta_m3_n_5000_tp_3.179_m_1_l_a","Model 3",".800",3.179,"N = 5000",5000,1,".10, .30, .60","A",942,225,23.9,4,0.4,0,0,227,24.1,715,"No"
"rilta_lta_m3_n_5000_tp_3.179_m_1_l_b","Model 3",".800",3.179,"N = 5000",5000,1,".10, .30, .60","B",941,212,22.5,21,2.2,0,0,227,24.1,714,"No"
"rilta_lta_m3_n_5000_tp_3.179_m_1_l_c","Model 3",".800",3.179,"N = 5000",5000,1,".10, .30, .60","C",942,182,19.3,37,3.9,0,0,215,22.8,727,"No"
"rilta_lta_m3_n_5000_tp_3.179_m_1_l_d","Model 3",".800",3.179,"N = 5000",5000,1,".10, .30, .60","D",942,202,21.4,69,7.3,0,0,256,27.2,686,"No"
"rilta_lta_m3_n_5000_tp_3.179_m_2_l_0.3","Model 3",".800",3.179,"N = 5000",5000,2,".33, .33, .33","0.3",948,335,35.3,0,0,0,0,335,35.3,613,"No"
"rilta_lta_m3_n_5000_tp_3.179_m_2_l_0.5","Model 3",".800",3.179,"N = 5000",5000,2,".33, .33, .33","0.5",1055,386,36.6,0,0,0,0,386,36.6,669,"No"
"rilta_lta_m3_n_5000_tp_3.179_m_2_l_0.7","Model 3",".800",3.179,"N = 5000",5000,2,".33, .33, .33","0.7",1021,393,38.5,0,0,1,0.1,394,38.6,627,"No"
"rilta_lta_m3_n_5000_tp_3.179_m_2_l_0.9","Model 3",".800",3.179,"N = 5000",5000,2,".33, .33, .33","0.9",1119,490,43.8,0,0,0,0,490,43.8,629,"No"
"rilta_lta_m3_n_5000_tp_3.179_m_2_l_a","Model 3",".800",3.179,"N = 5000",5000,2,".33, .33, .33","A",1119,393,35.1,0,0,0,0,393,35.1,726,"No"
"rilta_lta_m3_n_5000_tp_3.179_m_2_l_b","Model 3",".800",3.179,"N = 5000",5000,2,".33, .33, .33","B",1119,287,25.6,0,0,0,0,287,25.6,832,"No"
"rilta_lta_m3_n_5000_tp_3.179_m_2_l_c","Model 3",".800",3.179,"N = 5000",5000,2,".33, .33, .33","C",1118,266,23.8,0,0,0,0,266,23.8,852,"No"
"rilta_lta_m3_n_5000_tp_3.179_m_2_l_d","Model 3",".800",3.179,"N = 5000",5000,2,".33, .33, .33","D",1118,385,34.4,5,0.4,0,0,387,34.6,731,"No"
"rilta_lta_m3_n_5000_tp_3.179_m_3_l_0.3","Model 3",".800",3.179,"N = 5000",5000,3,".60, .30, .10","0.3",842,221,26.2,0,0,0,0,221,26.2,621,"No"
"rilta_lta_m3_n_5000_tp_3.179_m_3_l_0.5","Model 3",".800",3.179,"N = 5000",5000,3,".60, .30, .10","0.5",952,290,30.5,0,0,0,0,290,30.5,662,"No"
"rilta_lta_m3_n_5000_tp_3.179_m_3_l_0.7","Model 3",".800",3.179,"N = 5000",5000,3,".60, .30, .10","0.7",988,319,32.3,0,0,0,0,319,32.3,669,"No"
"rilta_lta_m3_n_5000_tp_3.179_m_3_l_0.9","Model 3",".800",3.179,"N = 5000",5000,3,".60, .30, .10","0.9",952,318,33.4,0,0,0,0,318,33.4,634,"No"
"rilta_lta_m3_n_5000_tp_3.179_m_3_l_a","Model 3",".800",3.179,"N = 5000",5000,3,".60, .30, .10","A",952,265,27.8,0,0,0,0,265,27.8,687,"No"
"rilta_lta_m3_n_5000_tp_3.179_m_3_l_b","Model 3",".800",3.179,"N = 5000",5000,3,".60, .30, .10","B",952,212,22.3,0,0,0,0,212,22.3,740,"No"
"rilta_lta_m3_n_5000_tp_3.179_m_3_l_c","Model 3",".800",3.179,"N = 5000",5000,3,".60, .30, .10","C",952,167,17.5,0,0,0,0,167,17.5,785,"No"
"rilta_lta_m3_n_5000_tp_3.179_m_3_l_d","Model 3",".800",3.179,"N = 5000",5000,3,".60, .30, .10","D",951,222,23.3,1,0.1,0,0,223,23.4,728,"No"
